37111,1183.5,22.32
37112,1183.4,21.75
37113,1190.2,20.55
37116,1191.3,20.42
37117,1186.7,20.48
37118,1178,20.91
37119,1181.7,21.54
37120,1162,23.84
37123,1171.4,22.87
37124,1157.3,24.4
37125,1165.3,22.44
37126,1162.1,22.23
37127,1184.9,19.71
37130,1179.2,20.56
37131,1161.5,22
37132,1148.6,23.03
37133,1129,25.41
37134,1133.6,24.92
37138,1132.9,25.85
37139,1131.7,26.35
37140,1106.4,28.61
37141,1085.8,30.99
37144,1092.5,31.84
37151,1038.8,41.76
37152,1032.7,38.87
37153,1016.1,40.56
37154,984.54,43.74
37155,965.8,42.66
37158,1003.5,37.75
37159,1012.3,35.81
37160,1007,35.26
37161,1018.6,34
37162,1040.9,31.93
37165,1038.5,32.32
37166,1051.3,31.18
37167,1072.3,31.34
37168,1069.6,31.97
37169,1071.4,33.39
37172,1062.4,35.12
37173,1056.8,34.83
37174,1081,31.6
37175,1097.4,31.5
37176,1091.7,35.27
37179,1090,35.31
37180,1097.5,32.88
37181,1077.1,35.08
37182,1068.6,34.95
37183,1073.5,34.11
37186,1089.9,32.25
37187,1084.8,32
37188,1085.2,30.95
37189,1100.1,29.46
37190,1104.6,28.42
37193,1078.3,31.64
37194,1059.8,33.46
37195,1059.8,33.56
37196,1084.1,32.31
37197,1087.2,30.71
37200,1102.8,30.5
37201,1118.9,28.8
37202,1115.8,29.13
37203,1118.5,28.62
37204,1120.3,27.44
37207,1118.3,29.35
37208,1139.1,26.47
37209,1141.2,26.56
37210,1142.2,25.56
37211,1138.7,25.07
37214,1151.1,24.46
37215,1142.7,24.12
37216,1137,24.19
37218,1150.3,23.25
37221,1157.4,23.79
37222,1149.5,24
37223,1128.5,25.9
37224,1140.2,25.18
37225,1139.5,23.84
37228,1129.9,25.77
37229,1144.8,24.08
37230,1170.3,23.02
37231,1167.1,23.71
37232,1158.3,23.49
37235,1139.9,25.62
37236,1136.8,25.3
37237,1137.1,24.87
37238,1119.4,25.91
37239,1123.1,24.63
37242,1134.4,24.26
37243,1142.9,23.29
37244,1149.6,22.58
37245,1139.9,23.67
37246,1144.9,22.5
37249,1144.7,22.62
37251,1149.4,22.29
37252,1157.1,21.59
37253,1161,21.4
37256,1148.1,23.8
37258,1154.7,22.71
37259,1165.3,21.34
37260,1172.5,20.45
37263,1164.9,21.94
37264,1160.7,21.83
37265,1155.1,22.13
37266,1156.5,22.36
37267,1145.6,22.6
37270,1138.4,23.58
37271,1146.2,22.7
37272,1127.6,23.45
37273,1138.9,22.25
37274,1127.6,22.52
37278,1119.3,23.61
37279,1128.2,21.88
37280,1132.2,21.15
37281,1133.3,21.01
37284,1133.1,21.14
37285,1100.6,24.35
37286,1113.6,23.22
37287,1130.2,21.09
37288,1122.2,21.12
37291,1094.4,24.87
37292,1090,25.45
37293,1083.5,26.09
37294,1080.2,25.11
37295,1096.2,23.26
37298,1111.9,21.78
37299,1107.5,21.62
37300,1118.5,20.85
37301,1116.5,21.77
37302,1104.2,22.37
37306,1083.3,24.43
37307,1098,22.66
37308,1081,23.8
37309,1089.8,22.86
37312,1109.4,21.84
37313,1109.4,21.68
37314,1109.9,21.49
37315,1106.7,21.59
37316,1131.8,19.96
37319,1153.8,20.5
37320,1146.1,20.3
37321,1162.8,19.94
37322,1157.5,20.04
37323,1164.3,19.27
37326,1168.3,19.84
37327,1165.6,19.59
37328,1154.1,19.46
37329,1153,19.2
37330,1166.2,18.42
37333,1165.5,18.93
37334,1170.3,18.16
37335,1151.8,18.46
37336,1153.6,18.15
37337,1148.7,17.77
37340,1131.9,18.48
37341,1138.5,18.13
37342,1144.6,17.7
37343,1147.4,17.4
37347,1146.5,18.73
37348,1136.8,19.16
37349,1125.4,20.2
37350,1126.3,19.78
37351,1122.7,19.13
37354,1125.3,19.61
37355,1117.8,19.47
37356,1130.5,18.19
37357,1103.7,20.3
37358,1111,19.42
37361,1102.5,19.82
37362,1128.4,18.11
37363,1126.1,18.43
37364,1124.5,19.29
37365,1125.2,18.3
37368,1107.8,19.77
37369,1101,20.28
37370,1093.1,20.77
37371,1091.5,20.95
37372,1076.3,22.14
37375,1065.5,24.05
37376,1076.9,21.91
37377,1086.5,20.06
37378,1084.6,20.07
37379,1073.4,20.19
37382,1052.7,22.56
37383,1049.5,21.94
37384,1088.8,20.39
37385,1073,21.56
37386,1055,22.41
37389,1074.6,20.72
37390,1097.3,19.35
37391,1091.1,19.19
37392,1098.2,18.5
37393,1106.6,17.7
37396,1091.9,19.24
37397,1079.9,20.05
37398,1086,19.58
37399,1097.1,18.23
37400,1083.8,18.9
37404,1074.5,20.31
37405,1067.7,20.39
37406,1064.7,20.61
37407,1067.1,19.98
37410,1040.7,23.37
37411,1040.7,23.89
37412,1049.9,22.61
37413,1029.2,24.16
37414,1027.5,23.51
37417,1030.7,23.72
37418,1013.6,24.45
37419,1020.3,24.15
37420,1009.6,25.02
37421,1007.3,25.96
37424,1036.2,24.64
37425,1037.1,24.24
37426,1020,26.06
37427,1006.3,27.48
37428,989.14,27.23
37431,992.72,26.98
37432,976.14,27.84
37433,973.53,28.42
37434,990.64,26.29
37435,989.81,25.4
37438,968.65,27.11
37439,948.09,28.96
37440,953.99,29.42
37442,989.03,27.11
37445,976.98,28.25
37446,952.83,30.22
37447,920.47,34.1
37448,927.37,33.85
37449,921.39,32.94
37452,917.93,35.03
37453,901.05,36.65
37454,906.04,35.45
37455,881.56,35.12
37456,847.76,38.17
37459,819.85,41.87
37460,797.7,44.92
37461,843.42,39.86
37462,838.68,39.27
37463,852.84,35.51
37466,898.96,31.33
37467,902.78,31.92
37468,911.62,32.03
37469,884.66,36.95
37470,864.24,41.29
37473,834.6,45.08
37474,859.57,42.03
37475,876.77,38.73
37476,905.46,36.33
37477,908.64,35.33
37480,903.8,37.05
37481,884.21,35.82
37482,919.62,32.36
37483,930.25,29.43
37484,928.77,28.81
37487,950.72,28.61
37488,937.43,29.59
37489,949.36,28.23
37490,962.7,27.75
37491,940.86,29.32
37494,947.95,29.89
37495,934.82,30.11
37496,917.87,33.32
37497,917.8,33.67
37498,916.07,32.64
37502,878.02,39.97
37503,893.4,37.44
37504,879.15,38.86
37505,893.92,36.33
37508,902.96,36.45
37509,909.58,35.08
37510,909.45,34.81
37511,886.91,37.5
37512,889.81,35.82
37515,891.1,36.74
37516,873.52,38.01
37517,869.46,37.52
37518,843.32,40.65
37519,845.39,38.98
37522,833.7,39.68
37523,819.29,40.52
37524,839.66,37.33
37525,854.95,34.6
37526,827.37,36.97
37529,815.28,39.69
37530,847.91,34.12
37531,827.91,36.83
37532,818.95,37.31
37533,800.58,39.46
37536,785.28,42.64
37537,798.55,41.02
37538,776.76,42.13
37539,803.92,37.55
37540,835.32,35.7
37543,841.44,36.04
37544,881.27,34.02
37545,860.02,36
37546,879.2,34.1
37547,884.39,33.53
37550,899.72,33.11
37551,890.16,34.09
37552,896.14,33.2
37553,882.5,34.03
37554,897.65,30
37557,890.23,31.07
37558,882.15,32.27
37559,890.71,31.23
37560,885.76,31.14
37561,900.96,29.3
37564,908.35,30.82
37565,915.39,31.23
37566,923.76,30.73
37567,902.65,31.42
37568,894.74,29.41
37571,876.19,31.3
37572,882.95,30.58
37573,882.53,31.24
37574,904.27,28.67
37575,909.83,26.65
37578,900.36,27.66
37579,896.74,27.41
37580,914.15,25.32
37581,933.76,23.81
37582,930.55,23.16
37585,932.88,24.07
37586,913.31,25.97
37587,938.87,27.25
37589,936.31,27.5
37592,934.53,27.46
37593,920.75,28.33
37594,917.57,28.92
37595,906.55,30.1
37596,912.23,28.88
37599,892,30.78
37600,904.45,28.76
37601,904.96,27.76
37602,901.59,27.29
37603,889.48,28.18
37606,910.4,26.24
37607,902.99,26.66
37608,891.12,28.29
37609,884.25,30.21
37610,895.75,26.71
37613,897.38,26.2
37614,892.47,26.49
37616,889.66,27.37
37617,875.4,29.55
37620,879.39,29.62
37621,879.82,28.62
37623,909.03,25.39
37624,908.59,24.68
37627,929.01,24.91
37628,922.93,25.13
37629,909.93,25.53
37630,927.58,24.25
37631,927.57,24.32
37634,926.26,24.9
37635,931.66,24.57
37636,918.22,25.51
37637,914.6,25.01
37638,901.78,25.7
37642,887.62,27.59
37643,878.36,29.01
37644,887.34,27.53
37645,861.4,31.51
37648,847.48,34.69
37649,858.54,31.93
37650,864.36,31.26
37651,844.61,31.32
37652,855.7,31.17
37655,860.32,31.02
37656,848.2,32.76
37657,843.59,33.04
37658,838.15,33.35
37659,829.69,34.01
37662,835.97,33.99
37663,829.2,33.68
37664,818.68,34.33
37665,817.37,33.7
37666,834.89,32.62
37670,851.17,31.11
37671,845.13,31.31
37672,837.1,31.16
37673,848.17,30.25
37676,832.58,31.98
37677,838.57,31.74
37678,827.55,31.94
37679,837.28,30.53
37680,841.15,29.63
37683,834.81,30.43
37684,821.99,31.83
37685,829.85,30.38
37686,822.1,31.37
37687,828.89,31.08
37690,807.48,33.31
37691,800.73,33.61
37692,804.19,33.51
37693,831.9,31.76
37694,833.27,30.98
37697,862.79,31.75
37698,866.45,30.43
37699,874.02,31.54
37700,875.67,30.44
37701,895.79,28.67
37704,864.23,30.39
37705,874.74,28.75
37706,869.95,28.23
37707,868.52,27.96
37708,863.5,27.75
37711,848.18,29.15
37712,858.48,28.36
37713,880.9,28.02
37714,876.45,28.21
37715,878.85,29.13
37718,879.93,28.45
37719,878.29,27.13
37720,865.99,27.11
37721,871.58,25.6
37722,868.3,24.44
37725,885.23,23.41
37726,890.81,22.56
37727,879.91,22.52
37728,893.58,21.5
37732,892.01,21.95
37733,911.37,20.7
37734,919.02,20.8
37735,911.43,20.33
37736,898.81,20.8
37739,914.84,20.84
37740,917.84,20.76
37741,916.92,21.21
37742,916.3,21.59
37743,930.08,20.63
37746,926.55,21.13
37747,934.39,20.8
37748,929.62,21
37749,920.27,21.24
37750,933.41,19.69
37753,945.11,19.52
37754,942.3,19.91
37755,939.28,20
37756,946.67,19.24
37757,944.3,18.4
37760,920.77,20.51
37761,919.73,21.29
37762,923.42,21.21
37763,931.87,19.78
37764,933.22,19.17
37768,951.48,19.99
37769,953.22,20.03
37770,949.64,20.43
37771,963.59,19.47
37774,967,20.85
37775,971.56,20.84
37776,986.24,20.62
37777,990.14,20.83
37778,987.76,21.25
37781,975.93,22.15
37782,984.84,20.64
37783,997.48,20.21
37784,998.51,20.41
37785,988.61,20.66
37788,1010.7,20.22
37789,1011.7,20.01
37790,1010.1,19.76
37791,994.7,19.8
37792,995.69,19.14
37795,981.64,20.58
37796,983.45,20.75
37797,975.32,20.81
37798,985.82,19.4
37799,976.22,19.16
37802,974.5,19.52
37803,982.32,19.46
37804,993.75,19.03
37805,985.7,19.39
37809,1004.4,20.06
37810,1007.8,19.48
37811,1002.2,18.93
37812,988.7,19.19
37813,998.14,18.47
37816,1003.9,19.59
37817,1000.4,19.55
37818,994,19.76
37819,981.73,20.22
37820,993.32,19.11
37823,978.8,19.78
37824,988.11,19.17
37825,988.61,18.64
37826,981.6,18.6
37827,998.68,17.75
37830,996.52,18.36
37831,989.28,18.67
37832,987.49,18.85
37833,990.31,19.49
37834,980.15,20.75
37837,982.82,21.27
37838,965.46,22.68
37839,967.08,21.5
37840,974.12,20.26
37841,977.59,19.59
37844,980.59,19.75
37845,990.35,17.94
37846,984.03,18.77
37847,990.51,18.47
37848,990.67,18.27
37851,999.74,18.18
37852,1002.4,17.86
37853,1000.3,17.82
37854,1003.3,17.84
37855,993.06,18.55
37858,993.71,19.53
37859,996.73,19.49
37860,996.79,19.13
37861,1002.8,18.48
37862,1008,18.63
37866,1022,19.02
37867,1026.3,19.44
37868,1028,18.71
37869,1021.4,18.17
37872,1031.6,18.26
37873,1023.2,18.85
37874,1010.9,20.01
37875,1016.4,19.25
37876,1018.6,18.68
37879,1014.8,19.28
37880,1029.3,18.03
37881,1026,18.15
37882,1039.6,17.57
37883,1036.3,17.54
37886,1022.8,19.65
37887,1029,19.47
37888,1009.4,21.22
37889,1003.3,22.26
37890,996.85,22.23
37893,1006.6,21.67
37894,995.97,22.72
37895,1018.2,21.07
37896,1020.2,20.8
37897,1029.8,19.5
37900,1034.3,19.51
37901,1039.2,19.41
37902,1033.8,19.18
37903,1038.7,18.82
37904,1038.1,18.45
37907,1045.3,17.55
37908,1049.5,17.37
37909,1046.8,17.69
37910,1050.1,17.19
37911,1039.3,17.62
37914,1044.7,17.04
37915,1046,16.55
37916,1030.4,17.67
37917,1033.8,17.68
37918,1028.9,17.71
37921,1031.1,18.05
37922,1046.8,16.82
37923,1048.1,16.43
37924,1046.9,16.33
37925,1050.7,16.1
37928,1059,16.55
37929,1053.2,16.55
37930,1051.8,16.86
37931,1058,16.74
37932,1053.2,16.93
37935,1047.1,17.62
37936,1046.6,17.54
37937,1058.6,16.75
37938,1058.4,16.47
37939,1050.3,16.94
37942,1043.6,18.6
37943,1034.2,19.11
37944,1042.4,18.8
37945,1033.7,19.48
37946,1035.3,18.98
37949,1052.1,17.44
37950,1053.9,16.71
37951,1058.5,16.23
37953,1058.2,16.32
37956,1070.1,16.77
37957,1066.6,16.27
37958,1064.7,16.63
37959,1069.7,16.3
37960,1061.5,17.09
37963,1069.3,16.54
37964,1060.2,17.63
37965,1059,17.87
37966,1071.2,16.73
37967,1074.1,16.41
37970,1068,17.23
37971,1075.1,15.93
37972,1076.5,15.58
37973,1089.2,16.16
37974,1088.7,16.42
37977,1092.9,16.94
37978,1096,16.49
37979,1094,16.66
37981,1095.9,17.45
37984,1109.5,17.09
37985,1109.6,17.68
37986,1111.9,18.31
37988,1108.5,18.22
37991,1122.2,17.49
37992,1123.7,16.73
37993,1126.3,15.5
37994,1131.9,15.61
37995,1121.9,16.75
37998,1127.2,16.82
37999,1121.2,18.04
38000,1130.5,16.75
38001,1132,15.56
38002,1139.8,15
38006,1138.8,15.21
38007,1147.6,14.34
38008,1143.9,14.71
38009,1141.5,14.84
38012,1155.4,14.55
38013,1144,15.35
38014,1128.5,16.78
38015,1134.1,17.14
38016,1131.1,16.63
38019,1135.3,17.11
38020,1136,17.34
38021,1126.5,17.87
38022,1128.6,17.71
38023,1142.8,16
38026,1139.8,16.39
38027,1145.5,15.94
38028,1157.8,15.39
38029,1152.1,15.31
38030,1145.8,15.58
38034,1157,15.4
38035,1151.8,15.59
38036,1147.1,15.8
38037,1144.1,16.04
38040,1141,16.29
38041,1139.1,15.9
38042,1143.7,14.93
38043,1144.9,14.83
38044,1144.9,14.55
38047,1156,14.44
38048,1149.1,14.86
38049,1151,14.55
38050,1154.9,14.4
38051,1156.9,14.48
38054,1147.2,15.79
38055,1140.6,16.6
38056,1123.9,18.67
38057,1106.8,20.67
38058,1120.6,18.3
38061,1104.5,21.13
38062,1110.7,20.34
38063,1123.8,18.11
38064,1122.3,18.53
38065,1109.8,19.15
38068,1095.4,21.58
38069,1094,20.67
38070,1091.3,19.81
38071,1109.2,17.88
38072,1108.1,17.33
38075,1122.5,16.5
38076,1127,16.28
38077,1126.2,16.74
38078,1132.2,16.65
38079,1141.8,15.64
38082,1150.6,14.97
38083,1148.2,15.32
38084,1140.5,15.76
38085,1139.3,16.26
38089,1145.2,15.28
38090,1129.4,17.26
38091,1128.2,15.62
38092,1128.8,15.74
38093,1134.6,14.94
38096,1135.8,15.42
38097,1118.2,16.67
38098,1124.1,15.6
38099,1139.9,14.61
38100,1140.6,14.01
38103,1135.5,14.77
38104,1138.1,15.07
38105,1122.4,16.29
38106,1113.9,16.6
38107,1107.3,17.19
38110,1117.5,16.62
38111,1119.5,16.55
38112,1121.5,15.77
38113,1114,17.05
38114,1098.7,18.13
38117,1087.1,19.77
38118,1095.5,18.57
38119,1097.3,18.14
38120,1096.4,18.86
38121,1095.7,18.47
38124,1084.1,19.96
38125,1091.5,19.33
38126,1088.7,18.93
38127,1089.2,18.67
38128,1093.6,18.49
38131,1095.4,18.08
38132,1113,15.96
38133,1114.9,15.97
38134,1121.3,15.28
38135,1120.7,15.5
38139,1121.2,16.3
38140,1125,16.08
38141,1116.6,17.03
38142,1122.5,16.78
38145,1140.4,15.39
38146,1142.2,15.01
38147,1131.3,15.39
38148,1136.5,15.04
38152,1125.3,16.07
38153,1132,15.05
38154,1133.6,14.79
38155,1132,15.15
38156,1135,14.99
38159,1130.3,15.26
38160,1134.4,14.31
38161,1144.1,13.98
38162,1140.7,14.81
38163,1134.4,15.19
38166,1133.3,16.07
38167,1136.2,15.47
38168,1140.8,14.34
38169,1128.9,15.2
38170,1125.4,15.08
38174,1116.2,16.25
38175,1118.3,15.81
38176,1109.1,16.2
38177,1112.8,15.78
38180,1114.3,14.96
38181,1115.1,14.46
38182,1111.5,13.76
38183,1106.7,14.71
38184,1101.4,14.34
38187,1100.9,15.17
38188,1108.7,14.17
38189,1093.9,16.41
38190,1096.8,15.75
38191,1086.2,16.5
38194,1084.1,17.3
38195,1094.8,16.55
38196,1095.4,16.15
38197,1100.4,15.68
38198,1101.7,15.32
38201,1106.6,15.37
38202,1099.7,16.03
38203,1098.6,16.21
38204,1080.7,18.32
38205,1064,19.34
38208,1065.2,18.89
38209,1079,17.47
38210,1075.8,18.04
38211,1063.2,19.08
38212,1064.8,17.98
38215,1079.3,17.57
38216,1081.7,17.02
38217,1095.2,16.23
38218,1091.2,16.96
38219,1098.3,16
38222,1095.7,15.88
38223,1096.2,15.33
38224,1105,14.98
38225,1105.1,14.91
38226,1107.8,14.71
38229,1099.2,15.44
38230,1104.2,15.29
38231,1105.9,14.91
38232,1118.3,14.28
38233,1113.6,13.91
38237,1121.3,14.07
38238,1116.3,14.06
38239,1118.4,14.01
38240,1123.9,13.76
38243,1125.8,13.17
38244,1128.3,13.56
38245,1120.4,14.64
38246,1123.5,14.39
38247,1128.5,14.03
38250,1122.2,14.43
38251,1129.3,13.66
38252,1113.6,14.74
38253,1108.4,14.8
38254,1110.1,14.28
38257,1103.5,14.62
38258,1110.1,13.83
38259,1114.8,13.21
38260,1114.6,13.34
38261,1131.5,12.75
38264,1135.2,13.41
38265,1134.5,13.95
38266,1142,13.28
38267,1130.7,14.5
38268,1122.1,15.05
38271,1124.4,14.71
38272,1121.8,15.05
38273,1113.7,15.42
38274,1103.3,16.43
38275,1108.2,15.04
38278,1114,14.71
38279,1103.2,15.13
38280,1103.7,14.85
38281,1106.5,14.54
38282,1095.7,15.28
38285,1094.8,16.58
38286,1111.1,16.39
38287,1125.4,15.72
38288,1127.4,15.39
38289,1130.2,16.27
38292,1130.5,16.27
38293,1130.5,16.18
38294,1143.2,14.04
38295,1161.7,13.97
38296,1166.2,13.84
38299,1164.9,13.8
38300,1164.1,13.61
38301,1162.9,13.08
38302,1173.5,13.04
38303,1184.2,13.33
38306,1183.8,13.38
38307,1175.4,13.21
38308,1181.9,13.21
38309,1183.5,12.98
38310,1170.3,13.5
38313,1177.2,12.97
38314,1176.9,12.67
38315,1181.8,12.72
38317,1182.7,12.78
38320,1178.6,13.3
38321,1173.8,13.24
38322,1191.4,12.97
38323,1190.3,12.98
38324,1191.2,12.96
38327,1190.2,13.19
38328,1177.1,13.67
38329,1182.8,13.19
38330,1189.2,12.88
38331,1188,12.76
38334,1198.7,12.54
38335,1203.4,12.73
38336,1205.7,12.35
38337,1203.2,12.27
38338,1194.2,11.95
38341,1194.7,11.83
38342,1205.5,11.55
38343,1209.6,11.45
38344,1210.1,11.23
38348,1204.9,12.14
38349,1213.5,12
38350,1213.5,11.62
38351,1213.5,12.56
38352,1211.9,13.29
38355,1202.1,14.08
38356,1188,13.98
38357,1183.7,14.09
38358,1187.9,13.58
38359,1186.2,13.49
38362,1190.2,13.23
38363,1183,13.19
38364,1187.7,12.56
38365,1177.5,12.84
38366,1184.5,12.43
38370,1196,12.47
38371,1184.6,13.18
38372,1175.4,13.83
38373,1167.9,14.36
38376,1163.8,14.65
38377,1168.4,14.06
38378,1174.1,13.44
38379,1174.5,13.24
38380,1171.4,13.24
38383,1181.3,12.82
38384,1189.4,12.03
38385,1193.2,11.66
38386,1189.9,11.79
38387,1203,11.21
38390,1201.7,11.73
38391,1202.3,11.6
38392,1192,12
38393,1197,11.51
38394,1205.3,11.43
38397,1206.1,11.52
38398,1210.1,11.27
38399,1210.3,11.1
38400,1200.8,11.77
38401,1201.6,11.18
38405,1184.2,13.14
38406,1190.8,12.39
38407,1200.2,11.57
38408,1211.4,11.49
38411,1203.6,12.08
38412,1210.4,12.04
38413,1210.1,12.5
38414,1210.5,12.93
38415,1222.1,11.94
38418,1225.3,12.26
38419,1219.4,12.4
38420,1207,12.7
38421,1209.2,12.49
38422,1200.1,12.8
38425,1206.8,12.39
38426,1197.8,13.15
38427,1188.1,13.49
38428,1190.2,13.29
38429,1189.7,13.14
38432,1183.8,13.61
38433,1171.7,14.27
38434,1172.5,14.06
38435,1171.4,13.42
38439,1174.3,13.75
38440,1165.4,14.49
38441,1181.4,13.64
38442,1180.6,14.02
38443,1172.9,14.09
38446,1176.1,14.11
38447,1181.4,13.68
38448,1184.1,13.15
38449,1191.1,12.33
38450,1181.2,12.62
38453,1181.2,11.98
38454,1187.8,11.3
38455,1173.8,13.31
38456,1162,14.53
38457,1142.6,17.74
38460,1146,16.56
38461,1152.8,14.96
38462,1137.5,16.92
38463,1160,14.41
38464,1152.1,15.38
38467,1162.1,14.62
38468,1151.7,14.91
38469,1156.4,14.87
38470,1143.2,16.86
38471,1156.8,15.31
38474,1162.2,15.12
38475,1161.2,14.53
38476,1175.7,13.85
38477,1172.6,13.98
38478,1171.3,14.05
38481,1178.8,13.75
38482,1166.2,14.91
38483,1171.1,14.45
38484,1159.4,16.12
38485,1154,16.32
38488,1165.7,15.68
38489,1173.8,14.57
38490,1185.6,13.63
38491,1191.1,13.32
38492,1189.3,13.14
38495,1193.9,12.95
38496,1194.1,12.69
38497,1190,12.58
38498,1197.6,12.24
38499,1198.8,12.15
38503,1191.5,13.29
38504,1202.3,12.36
38505,1204.3,11.84
38506,1196,12.15
38509,1197.5,12.28
38510,1197.3,12.39
38511,1194.7,12.7
38512,1200.9,12.08
38513,1198.1,11.96
38516,1200.8,11.65
38517,1203.9,11.79
38518,1206.6,11.46
38519,1211,11.15
38520,1217,11.48
38523,1216.1,11.47
38524,1213.6,11.08
38525,1213.9,11.05
38526,1200.7,12.13
38527,1191.6,12.18
38530,1190.7,12.52
38531,1201.6,11.58
38532,1199.8,11.77
38533,1191.3,12.04
38534,1194.4,11.4
38538,1205,11.68
38539,1194.9,12.27
38540,1197.9,12.49
38541,1211.9,11.45
38544,1219.4,11.28
38545,1222.2,10.95
38546,1223.3,10.84
38547,1226.5,10.81
38548,1227.9,10.33
38551,1221.1,10.77
38552,1229.3,10.45
38553,1235.2,10.23
38554,1227,10.97
38555,1233.7,10.52
38558,1229,11.1
38559,1231.2,10.99
38560,1236.8,10.36
38561,1243.7,10.52
38562,1234.2,11.57
38565,1235.3,12.08
38566,1244.1,11.75
38567,1245,11.83
38568,1235.9,12.52
38569,1226.4,12.48
38572,1223.1,13.21
38573,1231.4,12.4
38574,1229.1,12.38
38575,1237.8,12.42
38576,1230.4,12.74
38579,1233.9,12.26
38580,1219.3,13.52
38581,1220.2,13.3
38582,1219,13.42
38583,1219.7,13.42
38586,1221.7,13.42
38587,1217.6,13.34
38588,1209.6,14.17
38589,1212.4,13.73
38590,1205.1,13.72
38593,1212.3,13.52
38594,1208.4,13.65
38595,1220.3,12.6
38596,1221.6,13.15
38597,1218,13.57
38601,1233.4,12.93
38602,1236.4,12.52
38603,1231.7,12.93
38604,1241.5,11.98
38607,1240.6,11.65
38608,1231.2,12.39
38609,1227.2,12.91
38610,1227.7,12.49
38611,1237.9,11.22
38614,1231,12.14
38615,1221.3,12.64
38616,1210.2,13.79
38617,1214.6,13.33
38618,1215.3,12.96
38621,1215.6,13.04
38622,1215.7,12.76
38623,1216.9,12.63
38624,1227.7,12.24
38625,1228.8,11.92
38628,1226.7,12.46
38629,1214.5,13.2
38630,1196.4,14.55
38631,1191.5,14.96
38632,1195.9,14.59
38635,1187.3,15.55
38636,1184.9,15.63
38637,1177.7,16.22
38638,1176.8,16.47
38639,1186.6,14.87
38642,1190.1,14.67
38643,1178.1,15.33
38644,1195.8,13.5
38645,1177.8,16.11
38646,1179.6,16.13
38649,1199.4,14.74
38650,1196.5,14.53
38651,1191.4,14.59
38652,1178.9,16.02
38653,1198.4,14.25
38656,1207,15.32
38657,1202.8,14.85
38658,1214.8,13.48
38659,1219.9,13
38660,1220.1,13.17
38663,1222.8,13.1
38664,1218.6,13.08
38665,1220.7,12.8
38666,1231,11.9
38667,1234.7,11.63
38670,1233.8,12.18
38671,1229,12.23
38672,1231.2,12.26
38673,1242.8,11.25
38674,1248.3,11.12
38677,1254.8,10.82
38678,1261.2,10.6
38679,1265.6,10.96
38681,1268.2,10.88
38684,1257.5,11.84
38685,1257.5,11.89
38686,1249.5,12.06
38687,1264.7,11.24
38688,1265.1,11.01
38691,1262.1,11.6
38692,1263.7,11.52
38693,1257.4,12.18
38694,1255.8,12.21
38695,1259.4,11.69
38698,1260.4,11.47
38699,1267.4,11.11
38700,1272.7,10.48
38701,1270.9,10.73
38702,1267.3,10.68
38705,1259.9,11.38
38706,1259.6,11.19
38707,1262.8,10.81
38708,1268.1,10.29
38709,1268.7,10.27
38713,1256.5,11.57
38714,1258.2,11.35
38715,1254.4,11.61
38716,1248.3,12.07
38720,1268.8,11.14
38721,1273.5,11.37
38722,1273.5,11.31
38723,1285.5,11
38726,1290.2,11.13
38727,1289.7,10.86
38728,1294.2,10.94
38729,1286.1,11.2
38730,1287.6,11.23
38734,1282.9,11.91
38735,1277.9,12.25
38736,1285,11.98
38737,1261.5,14.56
38740,1263.8,13.93
38741,1266.9,13.31
38742,1264.7,12.87
38743,1273.8,12.42
38744,1283.7,11.97
38747,1285.2,12.39
38748,1280.1,12.95
38749,1282.5,12.36
38750,1270.8,13.23
38751,1264,12.96
38754,1265,13.04
38755,1254.8,13.59
38756,1265.7,12.83
38757,1263.8,13.12
38758,1267,12.87
38761,1262.9,13.35
38762,1275.5,12.25
38763,1280,12.31
38764,1289.4,11.48
38765,1287.2,12.01
38769,1283,12.41
38770,1292.7,11.88
38771,1287.8,11.87
38772,1289.4,11.46
38775,1294.1,11.59
38776,1280.7,12.34
38777,1291.2,11.54
38778,1289.1,11.72
38779,1287.2,11.96
38782,1278.3,12.74
38783,1275.9,12.66
38784,1278.5,12.32
38785,1272.2,12.68
38786,1281.6,11.85
38789,1284.1,11.37
38790,1297.5,10.74
38791,1303,11.35
38792,1305.3,11.98
38793,1307.2,12.12
38796,1305.1,11.79
38797,1297.2,11.62
38798,1305,11.21
38799,1301.7,11.17
38800,1303,11.19
38803,1301.6,11.46
38804,1293.2,11.58
38805,1302.9,10.95
38806,1300.2,11.57
38807,1294.8,11.39
38810,1297.8,11.57
38811,1305.9,11.14
38812,1311.6,11.13
38813,1309,11.45
38814,1295.5,12.26
38817,1296.6,12.19
38818,1286.6,13
38819,1288.1,12.76
38820,1289.1,12.38
38824,1285.3,12.58
38825,1307.7,11.4
38826,1309.9,11.32
38827,1311.5,11.64
38828,1311.3,11.59
38831,1308.1,11.75
38832,1301.7,11.75
38833,1305.4,11.76
38834,1309.7,11.84
38835,1310.6,11.59
38838,1305.2,12.54
38839,1313.2,11.99
38840,1307.8,11.99
38841,1312.2,11.86
38842,1325.8,11.62
38845,1324.7,12
38846,1325.1,11.99
38847,1322.8,11.78
38848,1305.9,12.49
38849,1291.2,14.19
38852,1294.5,13.57
38853,1292.1,13.35
38854,1270.3,16.26
38855,1261.8,16.99
38856,1267,17.18
38859,1262.1,17.72
38860,1256.6,18.26
38861,1258.6,17.36
38862,1272.9,15.5
38863,1280.2,14.26
38867,1259.8,18.66
38868,1270.1,16.44
38869,1285.7,14.52
38870,1288.2,14.32
38873,1265.3,16.65
38874,1263.8,17.34
38875,1256.2,17.8
38876,1257.9,18.35
38877,1252.3,18.12
38880,1236.4,20.96
38881,1223.7,23.81
38882,1230,21.46
38883,1256.2,15.9
38884,1251.5,17.25
38887,1240.1,17.83
38888,1240.1,16.69
38889,1252.2,15.52
38890,1245.6,15.88
38891,1244.5,15.89
38894,1250.6,15.62
38895,1239.2,16.4
38896,1246,15.79
38897,1272.9,13.03
38898,1270.2,13.08
38901,1280.2,13.05
38903,1270.9,14.15
38904,1274.1,13.65
38905,1265.5,13.97
38908,1267.3,14.02
38909,1272.5,13.14
38910,1258.6,14.49
38911,1242.3,17.79
38912,1236.2,18.05
38915,1234.5,18.64
38916,1236.9,17.74
38917,1259.8,15.55
38918,1249.1,16.21
38919,1240.3,17.4
38922,1260.9,14.98
38923,1268.9,14.85
38924,1268.4,14.62
38925,1263.2,14.94
38926,1278.5,14.33
38929,1276.7,14.95
38930,1270.9,15.05
38931,1278.5,14.34
38932,1280.3,14.46
38933,1279.4,14.34
38936,1275.8,15.23
38937,1271.5,15.23
38938,1266,15.2
38939,1271.8,14.46
38940,1266.7,14.3
38943,1268.2,14.26
38944,1285.6,13.42
38945,1295.4,12.41
38946,1297.5,12.24
38947,1302.3,11.64
38950,1297.5,12.22
38951,1298.8,12.19
38952,1293,12.4
38953,1296.1,12.4
38954,1295.1,12.31
38957,1301.8,12.18
38958,1304.3,12.28
38959,1304.3,12.22
38960,1303.8,12.31
38961,1311,11.96
38965,1313.2,12.63
38966,1300.3,13.74
38967,1294,13.88
38968,1298.9,13.16
38971,1299.5,12.99
38972,1313.1,11.92
38973,1318.1,11.18
38974,1316.3,11.55
38975,1319.9,11.76
38978,1321.2,11.78
38979,1318.3,11.98
38980,1325.2,11.39
38981,1318,12.25
38982,1314.8,12.59
38985,1326.4,12.12
38986,1336.3,11.53
38987,1336.6,11.58
38988,1339.2,11.72
38989,1335.8,11.98
38992,1331.3,12.57
38993,1334.1,12.24
38994,1350.2,11.86
38995,1353.2,11.98
38996,1349.6,11.56
38999,1350.7,11.68
39000,1353.4,11.52
39001,1350,11.62
39002,1362.8,11.09
39003,1365.6,10.75
39006,1369,11.09
39007,1364,11.73
39008,1366,11.34
39009,1367,10.9
39010,1368.6,10.63
39013,1377,11.08
39014,1377.4,10.78
39015,1382.2,10.66
39016,1389.1,10.56
39017,1377.3,10.8
39020,1377.9,11.2
39021,1377.9,11.1
39022,1367.8,11.51
39023,1367.3,11.42
39024,1364.3,11.16
39027,1379.8,11.16
39028,1382.8,11.09
39029,1385.7,10.75
39030,1378.3,11.01
39031,1380.9,10.79
39034,1384.4,10.86
39035,1393.2,10.5
39036,1396.6,10.31
39037,1399.8,10.16
39038,1401.2,10.05
39041,1400.5,9.97
39042,1402.8,9.9
39043,1406.1,10.14
39045,1401,10.73
39048,1381.9,12.3
39049,1386.7,11.62
39050,1399.5,10.83
39051,1400.6,10.91
39052,1396.7,11.66
39055,1409.1,11.23
39056,1414.8,11.27
39057,1412.9,11.33
39058,1407.3,12.67
39059,1409.8,12.07
39062,1413,10.71
39063,1411.6,10.65
39064,1413.2,10.18
39065,1425.5,9.97
39066,1427.1,10.05
39069,1422.5,10.6
39070,1425.5,10.3
39071,1423.5,10.26
39072,1418.3,10.53
39073,1410.8,11.36
39077,1416.9,11.26
39078,1426.8,10.64
39079,1424.7,10.99
39080,1418.3,11.56
39085,1416.6,12.04
39086,1418.3,11.51
39087,1409.7,12.14
39090,1412.8,12
39091,1412.1,11.91
39092,1414.8,11.47
39093,1423.8,10.87
39094,1430.7,10.15
39098,1431.9,10.74
39099,1430.6,10.59
39100,1426.4,10.85
39101,1430.5,10.4
39104,1423,10.77
39105,1428,10.34
39106,1440.1,9.89
39107,1423.9,11.22
39108,1422.2,11.13
39111,1420.6,11.45
39112,1428.8,10.96
39113,1438.2,10.42
39114,1445.9,10.31
39115,1448.4,10.08
39118,1447,10.55
39119,1448,10.65
39120,1450,10.32
39121,1448.3,10.44
39122,1438.1,11.1
39125,1433.4,11.61
39126,1444.3,10.34
39127,1455.3,10.23
39128,1456.8,10.22
39129,1455.5,10.02
39133,1459.7,10.24
39134,1457.6,10.2
39135,1456.4,10.18
39136,1451.2,10.58
39139,1449.4,11.15
39140,1399,18.31
39141,1406.8,15.42
39142,1403.2,15.82
39143,1387.2,18.61
39146,1374.1,19.63
39147,1395.4,15.96
39148,1392,15.24
39149,1401.9,14.29
39150,1402.8,14.09
39153,1406.6,13.99
39154,1378,18.13
39155,1387.2,17.27
39156,1392.3,16.43
39157,1387,16.79
39160,1402.1,14.59
39161,1410.9,13.27
39162,1435,12.19
39163,1434.5,12.93
39164,1436.1,12.95
39167,1437.5,13.16
39168,1428.6,13.48
39169,1417.2,14.98
39170,1422.5,15.14
39171,1420.9,14.64
39174,1424.5,14.53
39175,1437.8,13.46
39176,1439.4,13.24
39177,1443.8,13.23
39181,1444.6,13.14
39182,1448.4,12.68
39183,1438.9,13.49
39184,1447.8,12.71
39185,1452.8,12.2
39188,1468.5,11.98
39189,1471.5,12.14
39190,1472.5,12.42
39191,1470.7,12.54
39192,1484.3,12.07
39195,1480.9,13.04
39196,1480.4,13.12
39197,1495.4,13.21
39198,1494.2,12.79
39199,1494.1,12.45
39202,1482.4,14.22
39203,1486.3,13.51
39204,1495.9,13.08
39205,1502.4,13.09
39206,1505.6,12.91
39209,1509.5,13.15
39210,1507.7,13.21
39211,1512.6,12.88
39212,1491.5,13.6
39213,1505.8,12.95
39216,1503.2,13.96
39217,1501.2,14.01
39218,1514.1,13.5
39219,1512.8,13.51
39220,1522.8,12.76
39223,1525.1,13.3
39224,1524.1,13.06
39225,1522.3,13.24
39226,1507.5,14.08
39227,1515.7,13.34
39231,1518.1,13.53
39232,1530.2,12.83
39233,1530.6,13.05
39234,1536.3,12.78
39237,1539.2,13.29
39238,1531,13.63
39239,1517.4,14.87
39240,1490.7,17.06
39241,1507.7,14.84
39244,1509.1,14.71
39245,1493,16.67
39246,1515.7,14.73
39247,1523,13.64
39248,1532.9,13.94
39251,1531,13.42
39252,1533.7,12.85
39253,1512.8,14.67
39254,1522.2,14.21
39255,1502.6,15.75
39258,1497.7,16.65
39259,1492.9,18.89
39260,1506.3,15.53
39261,1505.7,15.54
39262,1503.3,16.23
39265,1519.4,15.4
39266,1524.9,14.92
39268,1525.4,15.48
39269,1530.4,14.72
39272,1531.8,15.16
39273,1510.1,17.57
39274,1518.8,16.64
39275,1547.7,15.54
39276,1552.5,15.15
39279,1549.5,15.59
39280,1549.4,15.63
39281,1546.2,16
39282,1553.1,15.23
39283,1534.1,16.95
39286,1541.6,16.81
39287,1511,18.55
39288,1518.1,18.1
39289,1482.7,20.74
39290,1459,24.17
39293,1473.9,20.87
39294,1455.3,23.52
39295,1465.8,23.67
39296,1472.2,21.22
39297,1433.1,25.16
39300,1467.7,22.94
39301,1476.7,21.56
39302,1497.5,21.45
39303,1453.1,26.48
39304,1453.6,28.3
39307,1452.9,26.57
39308,1426.5,27.68
39309,1406.7,30.67
39310,1411.3,30.83
39311,1445.9,29.99
39314,1445.5,26.33
39315,1447.1,25.25
39316,1464.1,22.89
39317,1462.5,22.62
39318,1479.4,20.72
39321,1466.8,22.72
39322,1432.4,26.3
39323,1463.8,23.81
39324,1457.6,25.06
39325,1474,23.38
39329,1489.4,22.78
39330,1472.3,24.58
39331,1478.5,23.99
39332,1453.5,26.23
39335,1451.7,27.38
39336,1471.5,25.27
39337,1471.6,24.96
39338,1484,24.76
39339,1484.2,24.92
39342,1476.7,26.48
39343,1519.8,20.35
39344,1529,20.03
39345,1518.8,20.45
39346,1525.8,19
39349,1517.7,19.37
39350,1517.2,18.6
39351,1525.4,17.63
39352,1531.4,17
39353,1526.8,18
39356,1547,17.84
39357,1546.6,18.49
39358,1539.6,18.8
39359,1542.8,18.44
39360,1557.6,16.91
39363,1552.6,17.46
39364,1565.2,16.12
39365,1562.5,16.67
39366,1554.4,18.88
39367,1561.8,17.73
39370,1548.7,19.25
39371,1538.5,20.02
39372,1541.2,18.54
39373,1540.1,18.5
39374,1500.6,22.96
39377,1506.3,21.64
39378,1519.6,20.41
39379,1515.9,20.8
39380,1514.4,21.17
39381,1535.3,19.56
39384,1541,19.87
39385,1531,21.07
39386,1549.4,18.53
39387,1508.4,23.21
39388,1509.7,23.01
39391,1502.2,24.31
39392,1520.3,21.39
39393,1475.6,26.49
39394,1474.8,26.16
39395,1453.7,28.5
39398,1439.2,31.09
39399,1481,24.1
39400,1470.6,25.94
39401,1451.2,28.06
39402,1458.7,25.49
39405,1433.3,26.01
39406,1439.7,24.88
39407,1416.8,26.84
39409,1440.7,25.61
39412,1407.2,28.91
39413,1428.2,26.28
39414,1469,24.11
39415,1469.7,23.97
39416,1481.1,22.87
39419,1472.4,23.61
39420,1462.8,23.79
39421,1485,22.53
39422,1507.3,20.96
39423,1504.7,20.85
39426,1516,20.74
39427,1477.7,23.59
39428,1486.6,22.47
39429,1488.4,22.56
39430,1468,23.27
39433,1445.9,24.52
39434,1455,22.64
39435,1453,21.68
39436,1460.1,20.58
39437,1484.5,18.47
39440,1496.5,18.6
39442,1497.7,18.66
39443,1476.4,20.26
39444,1478.5,20.74
39447,1468.4,22.5
39449,1447.2,23.17
39450,1447.2,22.49
39451,1411.6,23.94
39454,1416.2,23.79
39455,1390.2,25.43
39456,1409.1,24.12
39457,1420.3,23.45
39458,1401,23.68
39461,1416.2,22.9
39462,1381,23.34
39463,1373.2,24.38
39464,1333.2,28.46
39465,1325.2,27.18
39469,1310.5,31.01
39470,1338.6,29.02
39471,1352.1,27.78
39472,1330.6,29.08
39475,1354,27.78
39476,1362.3,27.32
39477,1355.8,27.62
39478,1378.5,26.2
39479,1395.4,24.02
39482,1380.8,25.99
39483,1336.6,28.24
39484,1326.5,28.97
39485,1336.9,27.66
39486,1331.3,28.01
39489,1339.1,27.6
39490,1348.9,26.33
39491,1367.2,24.88
39492,1348.9,25.54
39493,1350,25.02
39497,1348.8,25.59
39498,1360,24.4
39499,1342.5,25.12
39500,1353.1,24.06
39503,1371.8,23.03
39504,1381.3,21.9
39505,1380,22.69
39506,1367.7,23.53
39507,1330.6,26.54
39510,1331.3,26.28
39511,1326.8,25.52
39512,1333.7,24.6
39513,1304.3,27.55
39514,1293.4,27.49
39517,1273.4,29.38
39518,1320.7,26.36
39519,1308.8,27.22
39520,1315.5,27.29
39521,1288.1,31.16
39524,1276.6,32.24
39525,1330.7,25.79
39526,1298.4,29.84
39527,1329.5,26.62
39531,1349.9,25.73
39532,1353,25.72
39533,1341.1,26.08
39534,1325.8,25.88
39535,1315.2,25.71
39538,1322.7,25.61
39539,1370.2,22.68
39540,1367.5,23.43
39541,1369.3,23.21
39542,1370.4,22.45
39545,1372.5,22.42
39546,1365.5,22.36
39547,1354.5,22.81
39548,1360.5,21.98
39549,1332.8,23.46
39552,1328.3,23.82
39553,1334.4,22.78
39554,1364.7,20.53
39555,1365.6,20.37
39556,1390.3,20.13
39559,1388.2,20.5
39560,1375.9,20.87
39561,1379.9,20.26
39562,1388.8,20.06
39563,1397.8,19.59
39566,1396.4,19.64
39567,1390.9,20.24
39568,1385.6,20.79
39569,1409.3,18.88
39570,1413.9,18.18
39573,1407.5,18.9
39574,1418.3,18.21
39575,1392.6,19.73
39576,1397.7,19.4
39577,1388.3,19.41
39580,1403.6,17.79
39581,1403,17.98
39582,1408.7,17.66
39583,1423.6,16.3
39584,1425.3,16.47
39587,1426.6,17.01
39588,1413.4,17.58
39589,1390.7,18.59
39590,1394.3,18.05
39591,1375.9,19.55
39595,1385.3,19.64
39596,1390.8,19.07
39597,1398.3,18.14
39598,1400.4,17.83
39601,1385.7,19.83
39602,1377.7,20.24
39603,1377.2,20.8
39604,1404,18.63
39605,1360.7,23.56
39608,1361.8,23.12
39609,1358.4,23.18
39610,1335.5,24.12
39611,1339.9,23.33
39612,1360,21.22
39615,1360.1,20.95
39616,1350.9,21.13
39617,1337.8,22.24
39618,1342.8,21.58
39619,1317.9,22.87
39622,1318,22.64
39623,1314.3,22.42
39624,1322,21.14
39625,1283.2,23.93
39626,1278.4,23.44
39629,1280,23.95
39630,1284.9,23.65
39631,1261.5,25.92
39632,1262.9,24.78
39636,1252.3,25.78
39637,1273.7,23.15
39638,1244.7,25.23
39639,1253.4,25.59
39640,1239.5,27.49
39643,1228.3,28.48
39644,1214.9,28.54
39645,1245.4,25.1
39646,1260.3,25.01
39647,1260.7,24.05
39650,1260,23.05
39651,1277,21.18
39652,1282.2,21.31
39653,1252.5,23.44
39654,1257.8,22.91
39657,1234.4,24.23
39658,1263.2,22.03
39659,1284.3,21.21
39660,1267.4,22.94
39661,1260.3,22.57
39664,1249,23.49
39665,1284.9,21.14
39666,1289.2,20.23
39667,1266.1,21.15
39668,1296.3,20.66
39671,1305.3,20.12
39672,1289.6,21.17
39673,1285.8,21.55
39674,1292.9,20.34
39675,1298.2,19.58
39678,1278.6,20.98
39679,1266.7,21.28
39680,1274.5,20.42
39681,1277.7,19.82
39682,1292.2,18.81
39685,1266.8,20.97
39686,1271.5,20.49
39687,1281.7,19.76
39688,1300.7,19.43
39689,1282.8,20.65
39693,1277.6,21.99
39694,1275,21.43
39695,1236.8,24.03
39696,1242.3,23.06
39699,1267.8,22.64
39700,1224.5,25.47
39701,1232,24.52
39702,1249,24.39
39703,1251.7,25.66
39706,1192.7,31.7
39707,1213.6,30.3
39708,1156.4,36.22
39709,1206.5,33.1
39710,1255.1,32.07
39713,1207.1,33.85
39714,1188.2,35.72
39715,1185.9,35.19
39716,1209.2,32.82
39717,1213,34.74
39720,1106.4,46.72
39721,1166.4,39.39
39722,1161.1,39.81
39723,1114.3,45.26
39724,1099.2,45.14
39727,1056.9,52.05
39728,996.23,53.68
39729,984.94,57.53
39730,909.92,63.92
39731,899.22,69.95
39734,1003.4,54.99
39735,998.01,55.13
39736,907.84,69.25
39737,946.43,67.61
39738,940.55,70.33
39741,985.4,52.97
39742,955.05,53.11
39743,896.78,69.65
39744,908.11,67.8
39745,876.77,79.13
39748,848.92,80.06
39749,940.51,66.96
39750,930.09,69.96
39751,954.09,62.9
39752,968.75,59.89
39755,966.3,53.68
39756,1005.8,47.73
39757,952.77,54.56
39758,904.88,63.68
39759,930.99,56.1
39762,919.21,59.98
39763,898.95,61.44
39764,852.3,66.46
39765,911.29,59.83
39766,873.29,66.31
39769,850.75,69.15
39770,859.12,67.64
39771,806.58,74.26
39772,752.44,80.86
39773,800.03,72.67
39776,851.81,64.7
39777,857.39,60.9
39778,887.68,54.92
39780,896.24,55.28
39783,816.21,68.51
39784,848.81,62.98
39785,870.74,60.72
39786,845.22,63.64
39787,876.07,59.93
39790,909.7,58.49
39791,888.67,58.91
39792,899.24,55.73
39793,873.59,55.78
39794,879.73,54.28
39797,868.57,56.76
39798,913.18,52.37
39799,904.42,49.84
39800,885.28,47.34
39801,887.88,44.93
39804,871.63,44.56
39805,863.16,45.02
39806,868.15,44.21
39808,872.8,43.38
39811,869.42,43.9
39812,890.64,41.63
39813,903.25,40
39815,931.8,39.19
39818,927.45,39.08
39819,934.7,38.56
39820,906.65,43.39
39821,909.73,42.56
39822,890.35,42.82
39825,870.26,45.84
39826,871.79,43.27
39827,842.62,49.14
39828,843.74,51
39829,850.12,46.11
39833,805.22,56.65
39834,840.24,46.42
39835,827.5,47.29
39836,831.95,47.27
39839,836.57,45.69
39840,845.71,42.25
39841,874.09,39.66
39842,845.14,42.63
39843,825.88,44.84
39846,825.44,45.52
39847,838.51,43.06
39848,832.23,43.85
39849,845.85,43.73
39850,868.6,43.37
39853,869.89,43.64
39854,827.16,46.67
39855,833.74,44.53
39856,835.19,41.25
39857,826.84,42.93
39861,789.17,48.66
39862,788.42,48.46
39863,778.94,47.08
39864,770.05,49.3
39867,743.33,52.62
39868,773.14,45.49
39869,764.9,44.67
39870,752.83,44.66
39871,735.09,46.35
39874,700.82,52.65
39875,696.33,50.93
39876,712.87,47.56
39877,682.55,50.17
39878,683.38,49.33
39881,676.53,49.68
39882,719.6,44.37
39883,721.36,43.61
39884,750.74,41.18
39885,756.55,42.36
39888,753.89,43.74
39889,778.12,40.8
39890,794.35,40.06
39891,784.04,43.68
39892,768.54,45.89
39895,822.92,43.23
39896,806.12,42.93
39897,813.88,42.25
39898,832.86,40.36
39899,815.94,41.04
39902,787.53,45.54
39903,797.87,44.14
39904,811.08,42.28
39905,834.38,42.04
39906,842.5,39.7
39909,835.48,40.93
39910,815.55,40.39
39911,825.16,38.85
39912,856.56,36.53
39916,858.73,37.81
39917,841.5,37.67
39918,852.06,36.17
39919,865.3,35.79
39920,869.6,33.94
39923,832.39,39.18
39924,850.08,37.14
39925,843.55,38.1
39926,851.92,37.15
39927,866.23,36.82
39930,857.51,38.32
39931,855.16,37.95
39932,873.64,36.08
39933,872.81,36.5
39934,877.52,35.3
39937,907.24,34.53
39938,903.8,33.36
39939,919.53,32.45
39940,907.39,33.44
39941,929.23,32.05
39944,909.24,32.87
39945,908.35,31.8
39946,883.92,33.65
39947,893.07,31.37
39948,882.88,33.12
39951,909.71,30.24
39952,908.13,28.8
39953,903.47,29.03
39954,888.33,31.35
39955,887,32.63
39959,910.33,30.62
39960,893.06,32.36
39961,906.83,31.67
39962,919.14,28.92
39965,942.87,30.04
39966,944.74,29.63
39967,931.76,31.02
39968,942.46,30.18
39969,940.09,29.62
39972,939.14,29.77
39973,942.43,28.27
39974,939.15,28.46
39975,944.89,28.11
39976,946.21,28.15
39979,923.72,30.81
39980,911.97,32.68
39981,910.71,31.54
39982,918.37,30.03
39983,921.23,27.99
39986,893.04,31.17
39987,895.1,30.58
39988,900.94,29.05
39989,920.26,26.36
39990,918.9,25.93
39993,927.23,25.35
39994,919.32,26.35
39995,923.33,26.22
39996,896.42,27.95
40000,898.72,29
40001,881.03,30.85
40002,879.56,31.3
40003,882.68,29.78
40004,879.13,29.02
40007,901.05,26.31
40008,905.84,25.02
40009,932.68,25.89
40010,940.74,25.42
40011,940.38,24.34
40014,951.13,24.4
40015,954.58,23.87
40016,954.07,23.47
40017,976.29,23.43
40018,979.26,23.09
40021,982.18,24.28
40022,979.62,25.01
40023,975.15,25.61
40024,986.75,25.4
40025,987.48,25.92
40028,1002.6,25.56
40029,1005.6,24.89
40030,1002.7,24.9
40031,997.08,25.67
40032,1010.5,24.76
40035,1007.1,24.99
40036,994.35,25.99
40037,1005.8,25.45
40038,1012.7,24.71
40039,1004.1,24.27
40042,979.73,27.89
40043,989.67,26.18
40044,996.46,26.26
40045,1007.4,25.09
40046,1026.1,25.01
40049,1025.6,25.14
40050,1028,24.92
40051,1028.1,24.95
40052,1031,24.68
40053,1028.9,24.76
40056,1020.6,26.01
40057,998.04,29.15
40058,994.75,28.9
40059,1003.2,27.1
40060,1016.4,25.26
40064,1025.4,25.62
40065,1033.4,24.32
40066,1044.1,23.55
40067,1042.7,24.15
40070,1049.3,23.86
40071,1052.6,23.42
40072,1068.8,23.69
40073,1065.5,23.65
40074,1068.3,23.92
40077,1064.7,24.06
40078,1071.7,23.08
40079,1060.9,23.49
40080,1050.8,24.95
40081,1044.4,25.61
40084,1063,24.88
40085,1060.6,25.19
40086,1057.1,25.61
40087,1029.8,28.27
40088,1025.2,28.68
40091,1040.5,26.84
40092,1054.7,25.7
40093,1057.6,24.68
40094,1065.5,24.18
40095,1071.5,23.12
40098,1076.2,23.01
40099,1073.2,22.99
40100,1092,22.86
40101,1096.6,21.72
40102,1087.7,21.43
40105,1097.9,21.49
40106,1091.1,20.9
40107,1081.4,22.22
40108,1092.9,20.69
40109,1079.6,22.27
40112,1067,24.31
40113,1063.4,24.83
40114,1042.6,27.91
40115,1066.1,24.76
40116,1036.2,30.69
40119,1042.9,29.78
40120,1045.4,28.81
40121,1046.5,27.72
40122,1066.6,25.43
40123,1069.3,24.19
40126,1093.1,23.15
40127,1093,22.84
40128,1098.5,23.04
40129,1087.2,24.24
40130,1093.5,23.36
40133,1109.3,22.89
40134,1110.3,22.41
40135,1109.8,21.63
40136,1094.9,22.63
40137,1091.4,22.19
40140,1106.2,21.16
40141,1105.7,20.47
40142,1110.6,20.48
40144,1091.5,24.74
40147,1095.6,24.51
40148,1108.9,21.92
40149,1109.2,21.12
40150,1099.9,22.46
40151,1106,21.25
40154,1103.2,22.1
40155,1091.9,23.69
40156,1096,22.66
40157,1102.3,22.32
40158,1106.4,21.59
40161,1114.1,21.15
40162,1107.9,21.49
40163,1109.2,20.54
40164,1096.1,22.51
40165,1102.5,21.68
40168,1114,20.49
40169,1118,19.54
40170,1120.6,19.71
40171,1126.5,19.47
40175,1127.8,19.93
40176,1126.2,20.01
40177,1126.4,19.96
40178,1115.1,21.68
40182,1133,20.04
40183,1136.5,19.35
40184,1137.1,19.16
40185,1141.7,19.06
40186,1145,18.13
40189,1147,17.55
40190,1136.2,18.25
40191,1145.7,17.85
40192,1148.5,17.63
40193,1136,17.91
40197,1150.2,17.58
40198,1138,18.68
40199,1116.5,22.27
40200,1091.8,27.31
40203,1096.8,25.41
40204,1092.2,24.55
40205,1097.5,23.14
40206,1084.5,23.73
40207,1073.9,24.62
40210,1089.2,22.59
40211,1103.3,21.48
40212,1097.3,21.6
40213,1063.1,26.08
40214,1066.2,26.11
40217,1056.7,26.51
40218,1070.5,26
40219,1068.1,25.4
40220,1078.5,23.96
40221,1075.5,22.73
40225,1094.9,22.25
40226,1099.5,21.72
40227,1106.8,20.63
40228,1109.2,20.02
40231,1108,19.94
40232,1094.6,21.37
40233,1105.2,20.27
40234,1102.9,20.1
40235,1104.5,19.5
40238,1115.7,19.26
40239,1118.3,19.06
40240,1118.8,18.83
40241,1123,18.72
40242,1138.7,17.42
40245,1138.5,17.79
40246,1140.5,17.92
40247,1145.6,18.57
40248,1150.2,18.06
40249,1150,17.58
40252,1150.5,18
40253,1159.5,17.69
40254,1166.2,16.91
40255,1165.8,16.62
40256,1159.9,16.97
40259,1165.8,16.87
40260,1174.2,16.35
40261,1167.7,17.55
40262,1165.7,18.4
40263,1166.6,17.77
40266,1173.2,17.59
40267,1173.3,17.13
40268,1169.4,17.59
40269,1178.1,17.47
40273,1187.4,17.02
40274,1189.4,16.23
40275,1182.5,16.62
40276,1186.4,16.48
40277,1194.4,16.14
40280,1196.5,15.58
40281,1197.3,16.2
40282,1210.7,15.59
40283,1211.7,15.89
40284,1192.1,18.36
40287,1197.5,17.34
40288,1207.2,15.73
40289,1205.9,16.32
40290,1208.7,16.47
40291,1217.3,16.62
40294,1212,17.47
40295,1183.7,22.81
40296,1191.4,21.08
40297,1206.8,18.44
40298,1186.7,22.05
40301,1202.3,20.19
40302,1173.6,23.84
40303,1165.9,24.91
40304,1128.2,32.8
40305,1110.9,40.95
40308,1159.7,28.84
40309,1155.8,28.32
40310,1171.7,25.52
40311,1157.4,26.68
40312,1135.7,31.24
40315,1136.9,30.84
40316,1120.8,33.55
40317,1115,35.32
40318,1071.6,45.79
40319,1087.7,40.1
40322,1073.7,38.32
40323,1074,34.61
40324,1068,35.02
40325,1103.1,29.68
40326,1089.4,32.07
40330,1070.7,35.54
40331,1098.4,30.17
40332,1102.8,29.46
40333,1064.9,35.48
40336,1050.5,36.57
40337,1062,33.7
40338,1055.7,33.73
40339,1086.8,30.57
40340,1091.6,28.79
40343,1089.6,28.58
40344,1115.2,25.87
40345,1114.6,25.92
40346,1116,25.05
40347,1117.5,23.95
40350,1113.2,24.88
40351,1095.3,27.05
40352,1092,26.91
40353,1073.7,29.74
40354,1076.8,28.53
40357,1074.6,29
40358,1041.2,34.13
40359,1030.7,34.54
40360,1027.4,32.86
40361,1022.6,30.12
40365,1028.1,29.65
40366,1060.3,26.84
40367,1070.2,25.71
40368,1078,24.98
40371,1078.8,24.43
40372,1095.3,24.56
40373,1095.2,24.89
40374,1096.5,25.14
40375,1064.9,26.25
40378,1071.2,25.97
40379,1083.5,23.93
40380,1069.6,25.64
40381,1093.7,24.63
40382,1102.7,23.47
40385,1115,22.73
40386,1113.8,23.19
40387,1106.1,24.25
40388,1101.5,24.13
40389,1101.6,23.5
40392,1125.9,22.01
40393,1120.5,22.63
40394,1127.2,22.21
40395,1125.8,22.1
40396,1121.6,21.74
40399,1127.8,22.14
40400,1121.1,22.37
40401,1089.5,25.39
40402,1083.6,25.73
40403,1079.2,26.24
40406,1079.4,26.1
40407,1092.5,24.33
40408,1094.2,24.59
40409,1075.6,26.44
40410,1071.7,25.49
40413,1067.4,25.66
40414,1051.9,27.46
40415,1055.3,26.7
40416,1047.2,27.37
40417,1064.6,24.45
40420,1048.9,27.21
40421,1049.3,26.05
40422,1080.3,23.89
40423,1090.1,23.19
40424,1104.5,21.31
40428,1091.8,23.8
40429,1098.9,23.25
40430,1104.2,22.81
40431,1109.5,21.99
40434,1121.9,21.21
40435,1121.1,21.56
40436,1125.1,22.1
40437,1124.7,21.72
40438,1125.6,22.01
40441,1142.7,21.5
40442,1139.8,22.35
40443,1134.3,22.51
40444,1124.8,23.87
40445,1148.7,21.71
40448,1142.2,22.54
40449,1147.7,22.6
40450,1144.7,23.25
40451,1141.2,23.7
40452,1146.2,22.5
40455,1137,23.53
40456,1160.8,21.76
40457,1160,21.49
40458,1158.1,21.56
40459,1165.2,20.71
40462,1165.3,18.96
40463,1169.8,18.93
40464,1178.1,19.07
40465,1173.8,19.88
40466,1176.2,19.03
40469,1184.7,19.09
40470,1165.9,20.63
40471,1178.2,19.79
40472,1180.3,19.27
40473,1183.1,18.78
40476,1185.6,19.85
40477,1185.6,20.22
40478,1182.5,20.71
40479,1183.8,20.88
40480,1183.3,21.2
40483,1184.4,21.83
40484,1193.6,21.57
40485,1198,19.56
40486,1221.1,18.52
40487,1225.8,18.26
40490,1223.2,18.29
40491,1213.4,19.08
40492,1218.7,18.47
40493,1213.5,18.64
40494,1199.2,20.61
40497,1197.8,20.2
40498,1178.3,22.58
40499,1178.6,21.76
40500,1196.7,18.75
40501,1199.7,18.04
40504,1197.8,18.37
40505,1180.7,20.63
40506,1198.3,19.56
40508,1189.4,22.22
40511,1187.8,21.53
40512,1180.5,23.54
40513,1206.1,21.36
40514,1221.5,19.39
40515,1224.7,18.01
40518,1223.1,18.02
40519,1223.8,17.99
40520,1228.3,17.74
40521,1233,17.25
40522,1240.4,17.61
40525,1240.5,17.55
40526,1241.6,17.61
40527,1235.2,17.94
40528,1242.9,17.39
40529,1243.9,16.11
40532,1247.1,16.41
40533,1254.6,16.49
40534,1258.8,15.45
40535,1256.8,16.47
40539,1257.5,17.67
40540,1258.5,17.52
40541,1259.8,17.28
40542,1257.9,17.52
40543,1257.6,17.75
40546,1271.9,17.61
40547,1270.2,17.38
40548,1276.6,17.02
40549,1273.8,17.4
40550,1271.5,17.14
40553,1269.8,17.54
40554,1274.5,16.89
40555,1286,16.24
40556,1283.8,16.39
40557,1293.2,15.46
40561,1295,15.87
40562,1281.9,17.31
40563,1280.3,17.99
40564,1283.3,18.47
40567,1290.8,17.65
40568,1291.2,17.59
40569,1296.6,16.64
40570,1299.5,16.15
40571,1276.3,20.04
40574,1286.1,19.53
40575,1307.6,17.63
40576,1304,17.3
40577,1307.1,16.69
40578,1310.9,15.93
40581,1319,16.28
40582,1324.6,15.81
40583,1320.9,15.87
40584,1321.9,16.09
40585,1329.2,15.69
40588,1332.3,15.95
40589,1328,16.37
40590,1336.3,16.72
40591,1340.4,16.59
40592,1343,16.43
40596,1315.4,20.8
40597,1307.4,22.13
40598,1306.1,21.32
40599,1319.9,19.22
40602,1327.2,18.35
40603,1306.3,21.01
40604,1308.4,20.7
40605,1331,18.6
40606,1321.2,19.06
40609,1310.1,20.66
40610,1321.8,19.82
40611,1320,20.22
40612,1295.1,21.88
40613,1304.3,20.08
40616,1296.4,21.13
40617,1281.9,24.32
40618,1256.9,29.4
40619,1273.7,26.37
40620,1279.2,24.44
40623,1298.4,20.61
40624,1293.8,20.21
40625,1297.5,19.17
40626,1309.7,18
40627,1313.8,17.91
40630,1310.2,19.44
40631,1319.4,18.16
40632,1328.3,17.71
40633,1325.8,17.74
40634,1332.4,17.4
40637,1332.9,17.5
40638,1332.6,17.25
40639,1335.5,16.9
40640,1333.5,17.11
40641,1328.2,17.87
40644,1324.5,16.59
40645,1314.2,17.09
40646,1314.4,16.92
40647,1314.5,16.27
40648,1319.7,15.32
40651,1305.1,16.96
40652,1312.6,15.83
40653,1330.4,15.07
40654,1337.4,14.69
40658,1335.2,15.77
40659,1347.2,15.62
40660,1355.7,15.35
40661,1360.5,14.62
40662,1363.6,14.75
40665,1361.2,15.99
40666,1356.6,16.7
40667,1347.3,17.08
40668,1335.1,18.2
40669,1340.2,18.4
40672,1346.3,17.16
40673,1357.2,15.91
40674,1342.1,16.95
40675,1348.7,16.03
40676,1337.8,17.07
40679,1329.5,18.24
40680,1329,17.55
40681,1340.7,16.23
40682,1343.6,15.52
40683,1333.3,17.43
40686,1317.4,18.27
40687,1316.3,17.82
40688,1320.5,17.07
40689,1325.7,16.09
40690,1331.1,15.98
40694,1345.2,15.45
40695,1314.5,18.3
40696,1312.9,18.09
40697,1300.2,17.95
40700,1286.2,18.49
40701,1284.9,18.07
40702,1279.6,18.79
40703,1289,17.77
40704,1271,18.86
40707,1271.8,19.61
40708,1287.9,18.26
40709,1265.4,21.32
40710,1267.6,22.73
40711,1271.5,21.85
40714,1278.4,19.99
40715,1295.5,18.86
40716,1287.1,18.52
40717,1283.5,19.29
40718,1268.5,21.1
40721,1280.1,20.56
40722,1296.7,19.17
40723,1307.4,17.27
40724,1320.6,16.52
40725,1339.7,15.87
40729,1337.9,16.06
40730,1339.2,16.34
40731,1353.2,15.95
40732,1343.8,15.95
40735,1319.5,18.39
40736,1313.6,19.87
40737,1317.7,19.91
40738,1308.9,20.8
40739,1316.1,19.53
40742,1305.4,20.95
40743,1326.7,19.21
40744,1325.8,19.09
40745,1343.8,17.56
40746,1345,17.52
40749,1337.4,19.35
40750,1331.9,20.23
40751,1304.9,22.98
40752,1300.7,23.74
40753,1292.3,25.25
40756,1286.9,23.66
40757,1254,24.79
40758,1260.3,23.38
40759,1200.1,31.66
40760,1199.4,32
40763,1119.5,48
40764,1172.5,35.06
40765,1120.8,42.99
40766,1172.6,39
40767,1178.8,36.36
40770,1204.5,31.87
40771,1192.8,32.85
40772,1193.9,31.58
40773,1140.7,42.67
40774,1123.5,43.05
40777,1123.8,42.44
40778,1162.3,36.27
40779,1177.6,35.9
40780,1159.3,39.76
40781,1176.8,35.59
40784,1210.1,32.28
40785,1212.9,32.89
40786,1218.9,31.62
40787,1204.4,31.82
40788,1174,33.92
40792,1165.2,37
40793,1198.6,33.38
40794,1185.9,34.32
40795,1154.2,38.52
40798,1162.3,38.59
40799,1172.9,36.91
40800,1188.7,34.6
40801,1209.1,31.97
40802,1216,30.98
40805,1204.1,32.73
40806,1202.1,32.86
40807,1166.8,37.32
40808,1129.6,41.35
40809,1136.4,41.25
40812,1163,39.02
40813,1175.4,37.71
40814,1151.1,41.08
40815,1160.4,38.84
40816,1131.4,42.96
40819,1099.2,45.45
40820,1124,40.82
40821,1144,37.81
40822,1165,36.27
40823,1155.5,36.2
40826,1194.9,33.02
40827,1195.5,32.86
40828,1207.2,31.26
40829,1203.7,30.7
40830,1224.6,28.24
40833,1200.9,33.39
40834,1225.4,31.56
40835,1209.9,34.44
40836,1215.4,34.78
40837,1238.2,31.32
40840,1254.2,29.26
40841,1229,32.22
40842,1242,29.86
40843,1284.6,25.46
40844,1285.1,24.53
40847,1253.3,29.96
40848,1218.3,34.77
40849,1237.9,32.74
40850,1261.2,30.5
40851,1253.2,30.16
40854,1261.1,29.85
40855,1275.9,27.48
40856,1229.1,36.16
40857,1239.7,32.81
40858,1263.8,30.04
40861,1251.8,31.13
40862,1257.8,31.22
40863,1236.9,33.51
40864,1216.1,34.51
40865,1215.7,32
40868,1193,32.91
40869,1188,31.97
40870,1161.8,33.98
40872,1158.7,34.47
40875,1192.5,32.13
40876,1195.2,30.64
40877,1247,27.8
40878,1244.6,27.41
40879,1244.3,27.52
40882,1257.1,27.84
40883,1258.5,28.13
40884,1261,28.67
40885,1234.3,30.59
40886,1255.2,26.38
40889,1236.5,25.67
40890,1225.7,25.41
40891,1211.8,26.04
40892,1215.8,25.11
40893,1219.7,24.29
40896,1205.3,24.92
40897,1241.3,23.22
40898,1243.7,21.43
40899,1254,21.16
40900,1265.3,20.73
40904,1265.4,21.91
40905,1249.6,23.52
40906,1263,22.65
40907,1257.6,23.4
40911,1277.1,22.97
40912,1277.3,22.22
40913,1281.1,21.48
40914,1277.8,20.63
40917,1280.7,21.07
40918,1292.1,20.69
40919,1292.5,21.05
40920,1295.5,20.47
40921,1289.1,20.91
40925,1293.7,22.2
40926,1308,20.89
40927,1314.5,19.87
40928,1315.4,18.28
40931,1316,18.67
40932,1314.7,18.91
40933,1326,18.31
40934,1318.4,18.57
40935,1316.3,18.53
40938,1313,19.4
40939,1312.4,19.44
40940,1324.1,18.55
40941,1325.5,17.98
40942,1344.9,17.1
40945,1344.3,17.76
40946,1347,17.65
40947,1350,18.16
40948,1352,18.63
40949,1342.6,20.79
40952,1351.8,19.04
40953,1350.5,19.54
40954,1343.2,21.14
40955,1358,19.22
40956,1361.2,17.78
40960,1362.2,18.19
40961,1357.7,18.19
40962,1363.5,16.8
40963,1365.7,17.31
40966,1367.6,18.19
40967,1372.2,17.96
40968,1365.7,18.43
40969,1374.1,17.26
40970,1369.6,17.29
40973,1364.3,18.05
40974,1343.4,20.87
40975,1352.6,19.07
40976,1365.9,17.95
40977,1370.9,17.11
40980,1371.1,15.64
40981,1396,14.8
40982,1394.3,15.31
40983,1402.6,15.42
40984,1404.2,14.47
40987,1409.8,15.04
40988,1405.5,15.58
40989,1402.9,15.13
40990,1392.8,15.57
40991,1397.1,14.82
40994,1416.5,14.26
40995,1412.5,15.59
40996,1405.5,15.47
40997,1403.3,15.48
40998,1408.5,15.5
41001,1419,15.64
41002,1413.4,15.66
41003,1399,16.44
41004,1398.1,16.7
41008,1382.2,18.81
41009,1358.6,20.39
41010,1368.7,20.02
41011,1387.6,17.2
41012,1370.3,19.55
41015,1369.6,19.55
41016,1390.8,18.46
41017,1385.1,18.64
41018,1376.9,18.36
41019,1378.5,17.44
41022,1366.9,18.97
41023,1372,18.1
41024,1390.7,16.82
41025,1400,16.24
41026,1403.4,16.32
41029,1397.9,17.15
41030,1405.8,16.6
41031,1402.3,16.88
41032,1391.6,17.56
41033,1369.1,19.16
41036,1369.6,18.94
41037,1363.7,19.05
41038,1354.6,20.08
41039,1358,18.83
41040,1353.4,19.89
41043,1338.3,21.87
41044,1330.7,21.97
41045,1324.8,22.27
41046,1304.9,24.49
41047,1295.2,25.1
41050,1316,22.01
41051,1316.6,22.48
41052,1318.9,22.33
41053,1320.7,21.54
41054,1317.8,21.76
41058,1332.4,21.03
41059,1313.3,24.14
41060,1310.3,24.06
41061,1278,26.66
41064,1278.2,26.12
41065,1285.5,24.68
41066,1315.1,22.16
41067,1315,21.72
41068,1325.7,21.23
41071,1308.9,23.56
41072,1324.2,22.09
41073,1314.9,24.27
41074,1329.1,21.68
41075,1342.8,21.11
41078,1344.8,18.32
41079,1358,18.38
41080,1355.7,17.24
41081,1325.5,20.08
41082,1335,18.11
41085,1313.7,20.38
41086,1320,19.72
41087,1331.8,19.45
41088,1329,19.71
41089,1362.2,17.08
41092,1365.5,16.8
41093,1374,16.66
41095,1367.6,17.5
41096,1354.7,17.1
41099,1352.5,17.98
41100,1341.5,18.72
41101,1341.5,17.95
41102,1334.8,18.33
41103,1356.8,16.74
41106,1353.6,17.11
41107,1363.7,16.48
41108,1372.8,16.16
41109,1376.5,15.45
41110,1362.7,16.27
41113,1350.5,18.62
41114,1338.3,20.47
41115,1337.9,19.34
41116,1360,17.53
41117,1386,16.7
41120,1385.3,18.03
41121,1379.3,18.93
41122,1375.1,18.96
41123,1365,17.57
41124,1391,15.64
41127,1394.2,15.95
41128,1401.3,15.99
41129,1402.2,15.32
41130,1402.8,15.28
41131,1405.9,14.74
41134,1404.1,13.7
41135,1403.9,14.85
41136,1405.5,14.63
41137,1415.5,14.29
41138,1418.2,13.45
41141,1418.1,14.02
41142,1413.2,15.02
41143,1413.5,15.11
41144,1402.1,15.96
41145,1411.1,15.18
41148,1410.4,16.35
41149,1409.3,16.49
41150,1410.5,17.06
41151,1399.5,17.83
41152,1406.6,17.47
41156,1404.9,17.98
41157,1403.4,17.74
41158,1432.1,15.6
41159,1437.9,14.38
41162,1429.1,16.28
41163,1433.6,16.41
41164,1436.6,15.8
41165,1460,14.05
41166,1465.8,14.51
41169,1461.2,14.59
41170,1459.3,14.18
41171,1461,13.88
41172,1460.3,14.07
41173,1460.2,13.98
41176,1456.9,14.15
41177,1441.6,15.43
41178,1433.3,16.81
41179,1447.2,14.84
41180,1440.7,15.73
41183,1444.5,16.32
41184,1445.8,15.71
41185,1451,15.43
41186,1461.4,14.55
41187,1460.9,14.33
41190,1455.9,15.11
41191,1441.5,16.37
41192,1432.6,16.29
41193,1432.8,15.59
41194,1428.6,16.14
41197,1440.1,15.27
41198,1454.9,15.22
41199,1460.9,15.07
41200,1457.3,15.03
41201,1433.2,17.06
41204,1433.8,16.62
41205,1413.1,18.83
41206,1408.8,18.33
41207,1413,18.12
41208,1411.9,17.81
41213,1412.2,18.6
41214,1427.6,16.69
41215,1414.2,17.59
41218,1417.3,18.42
41219,1428.4,17.58
41220,1394.5,19.08
41221,1377.5,18.49
41222,1379.8,18.61
41225,1380,16.68
41226,1374.5,16.65
41227,1355.5,17.92
41228,1353.3,17.99
41229,1359.9,16.41
41232,1386.9,15.24
41233,1387.8,15.08
41234,1391,15.31
41236,1409.2,15.14
41239,1406.3,15.5
41240,1398.9,15.92
41241,1409.9,15.51
41242,1416,15.06
41243,1416.2,15.87
41246,1409.5,16.64
41247,1407,17.12
41248,1409.3,16.46
41249,1413.9,16.58
41250,1418.1,15.9
41253,1418.5,16.05
41254,1427.8,15.57
41255,1428.5,15.95
41256,1419.5,16.56
41257,1413.6,17
41260,1430.4,16.34
41261,1446.8,15.57
41262,1435.8,17.36
41263,1443.7,17.67
41264,1430.2,17.84
41267,1426.7,17.84
41269,1419.8,19.48
41270,1418.1,19.47
41271,1402.4,22.72
41274,1426.2,18.02
41276,1462.4,14.68
41277,1459.4,14.56
41278,1466.5,13.83
41281,1461.9,13.79
41282,1457.2,13.62
41283,1461,13.81
41284,1472.1,13.49
41285,1472,13.36
41288,1470.7,13.52
41289,1472.3,13.55
41290,1472.6,13.42
41291,1480.9,13.57
41292,1486,12.46
41296,1492.6,12.43
41297,1494.8,12.46
41298,1494.8,12.69
41299,1503,12.89
41302,1500.2,13.57
41303,1507.8,13.31
41304,1502,14.32
41305,1498.1,14.28
41306,1513.2,12.9
41309,1495.7,14.67
41310,1511.3,13.72
41311,1512.1,13.41
41312,1509.4,13.5
41313,1517.9,13.02
41316,1517,12.94
41317,1519.4,12.64
41318,1520.3,12.98
41319,1521.4,12.66
41320,1519.8,12.46
41324,1530.9,12.31
41325,1512,14.68
41326,1502.4,15.22
41327,1515.6,14.17
41330,1487.8,18.99
41331,1496.9,16.87
41332,1516,14.73
41333,1514.7,15.51
41334,1518.2,15.36
41337,1525.2,14.01
41338,1539.8,13.48
41339,1541.5,13.53
41340,1544.3,13.06
41341,1551.2,12.59
41344,1556.2,11.56
41345,1552.5,12.27
41346,1554.5,11.83
41347,1563.2,11.3
41348,1560.7,11.3
41351,1552.1,13.36
41352,1548.3,14.39
41353,1558.7,12.67
41354,1545.8,13.99
41355,1556.9,13.57
41358,1551.7,13.74
41359,1563.8,12.77
41360,1562.8,13.15
41361,1569.2,12.7
41365,1562.2,13.58
41366,1570.2,12.78
41367,1553.7,14.21
41368,1560,13.89
41369,1553.3,13.92
41372,1563.1,13.19
41373,1568.6,12.84
41374,1587.7,12.36
41375,1593.4,12.24
41376,1588.8,12.06
41379,1552.4,17.27
41380,1574.6,13.96
41381,1552,16.51
41382,1541.6,17.56
41383,1555.2,14.97
41386,1562.5,14.39
41387,1578.8,13.48
41388,1578.8,13.61
41389,1585.2,13.62
41390,1582.2,13.61
41393,1593.6,13.71
41394,1597.6,13.52
41395,1582.7,14.49
41396,1597.6,13.59
41397,1614.4,12.85
41400,1617.5,12.66
41401,1626,12.83
41402,1632.7,12.66
41403,1626.7,13.13
41404,1633.7,12.59
41407,1633.8,12.55
41408,1650.3,12.77
41409,1658.8,12.81
41410,1650.5,13.07
41411,1667.5,12.45
41414,1666.3,13.02
41415,1669.2,13.37
41416,1655.3,13.82
41417,1650.5,14.07
41418,1649.6,13.99
41422,1660.1,14.48
41423,1648.4,14.83
41424,1654.4,14.53
41425,1630.7,16.3
41428,1640.4,16.28
41429,1631.4,16.27
41430,1608.9,17.5
41431,1622.6,16.63
41432,1643.4,15.14
41435,1642.8,15.44
41436,1626.1,17.07
41437,1612.5,18.59
41438,1636.4,16.41
41439,1626.7,17.15
41442,1639,16.8
41443,1651.8,16.61
41444,1628.9,16.64
41445,1588.2,20.49
41446,1592.4,18.9
41449,1573.1,20.11
41450,1588,18.47
41451,1603.3,17.21
41452,1613.2,16.86
41453,1606.3,16.86
41456,1615,16.37
41457,1614.1,16.44
41458,1615.4,16.2
41460,1631.9,14.89
41463,1640.5,14.78
41464,1652.3,14.35
41465,1652.6,14.21
41466,1675,14.01
41467,1680.2,13.84
41470,1682.5,13.79
41471,1676.3,14.42
41472,1680.9,13.78
41473,1689.4,13.77
41474,1692.1,12.54
41477,1695.5,12.29
41478,1692.4,12.66
41479,1685.9,13.18
41480,1690.2,12.97
41481,1691.7,12.72
41484,1685.3,13.39
41485,1686,13.39
41486,1685.7,13.45
41487,1706.9,12.94
41488,1709.7,11.98
41491,1707.1,11.84
41492,1697.4,12.72
41493,1690.9,12.98
41494,1697.5,12.73
41495,1691.4,13.41
41498,1689.5,12.81
41499,1694.2,12.31
41500,1685.4,13.04
41501,1661.3,14.73
41502,1655.8,14.37
41505,1646.1,15.1
41506,1652.3,14.91
41507,1642.8,15.94
41508,1657,14.76
41509,1663.5,13.98
41512,1656.8,14.99
41513,1630.5,16.77
41514,1635,16.49
41515,1638.2,16.81
41516,1633,17.01
41520,1639.8,16.61
41521,1653.1,15.88
41522,1655.1,15.77
41523,1655.2,15.85
41526,1671.7,15.63
41527,1684,14.53
41528,1689.1,13.82
41529,1683.4,14.29
41530,1688,14.16
41533,1697.6,14.38
41534,1704.8,14.53
41535,1725.5,13.59
41536,1722.3,13.16
41537,1709.9,13.12
41540,1701.8,14.31
41541,1697.4,14.08
41542,1692.8,14.01
41543,1698.7,14.06
41544,1691.8,15.46
41547,1681.5,16.6
41548,1695,15.54
41549,1693.9,16.6
41550,1678.7,17.67
41551,1690.5,16.74
41554,1676.1,19.41
41555,1655.5,20.34
41556,1656.4,19.6
41557,1692.6,16.48
41558,1703.2,15.72
41561,1710.1,16.07
41562,1698.1,18.66
41563,1721.5,14.71
41564,1733.2,13.48
41565,1744.5,13.04
41568,1744.7,13.16
41569,1754.7,13.33
41570,1746.4,13.42
41571,1752.1,13.2
41572,1759.8,13.09
41575,1762.1,13.31
41576,1772,13.41
41577,1763.3,13.65
41578,1756.5,13.75
41579,1761.6,13.28
41582,1767.9,12.93
41583,1763,13.27
41584,1770.5,12.67
41585,1747.2,13.91
41586,1770.6,12.9
41589,1771.9,12.53
41590,1767.7,12.82
41591,1782,12.52
41592,1790.6,12.37
41593,1798.2,12.19
41596,1791.5,13.1
41597,1787.9,13.39
41598,1781.4,13.4
41599,1795.8,12.66
41600,1804.8,12.26
41603,1802.5,12.79
41604,1802.8,12.81
41605,1807.2,12.98
41607,1805.8,13.7
41610,1800.9,14.23
41611,1795.2,14.55
41612,1792.8,14.7
41613,1785,15.08
41614,1805.1,13.79
41617,1808.4,13.49
41618,1802.6,13.91
41619,1782.2,15.42
41620,1775.5,15.54
41621,1775.3,15.76
41624,1786.5,16.03
41625,1781,16.21
41626,1810.7,13.8
41627,1809.6,14.15
41628,1818.3,13.79
41631,1828,13.04
41632,1833.3,12.48
41634,1842,12.33
41635,1841.4,12.46
41638,1841.1,13.56
41639,1848.4,13.72
41641,1832,14.23
41642,1831.4,13.76
41645,1826.8,13.55
41646,1837.9,12.92
41647,1837.5,12.87
41648,1838.1,12.89
41649,1842.4,12.14
41652,1819.2,13.28
41653,1838.9,12.28
41654,1848.4,12.28
41655,1845.9,12.53
41656,1838.7,12.44
41660,1843.8,12.87
41661,1844.9,12.84
41662,1828.5,13.77
41663,1790.3,18.14
41666,1781.6,17.42
41667,1792.5,15.8
41668,1774.2,17.35
41669,1794.2,17.29
41670,1782.6,18.41
41673,1741.9,21.44
41674,1755.2,19.11
41675,1751.6,19.95
41676,1773.4,17.23
41677,1797,15.29
41680,1799.8,15.26
41681,1819.8,14.51
41682,1819.3,14.3
41683,1829.8,14.14
41684,1838.6,13.57
41688,1840.8,13.87
41689,1828.8,15.5
41690,1839.8,14.79
41691,1836.2,14.68
41694,1847.6,14.23
41695,1845.1,13.67
41696,1845.2,14.35
41697,1854.3,14.04
41698,1859.5,14
41701,1845.7,16
41702,1873.9,14.1
41703,1873.8,13.89
41704,1877,14.21
41705,1878,14.11
41708,1877.2,14.2
41709,1867.6,14.8
41710,1868.2,14.47
41711,1846.3,16.22
41712,1841.1,17.82
41715,1858.8,15.64
41716,1872.2,14.52
41717,1860.8,15.12
41718,1872,14.52
41719,1866.5,15
41722,1857.4,15.09
41723,1865.6,14.02
41724,1852.6,14.93
41725,1849,14.62
41726,1857.6,14.41
41729,1872.3,13.88
41730,1885.5,13.1
41731,1890.9,13.09
41732,1888.8,13.37
41733,1865.1,13.96
41736,1845,15.57
41737,1852,14.89
41738,1872.2,13.82
41739,1833.1,15.89
41740,1815.7,17.03
41743,1830.6,16.11
41744,1843,15.61
41745,1862.3,14.18
41746,1864.8,13.36
41750,1871.9,13.25
41751,1879.5,13.19
41752,1875.4,13.27
41753,1878.6,13.32
41754,1863.4,14.06
41757,1869.4,13.97
41758,1878.3,13.71
41759,1884,13.41
41760,1883.7,13.25
41761,1881.1,12.91
41764,1884.7,13.29
41765,1867.7,13.8
41766,1878.2,13.4
41767,1875.6,13.43
41768,1878.5,12.92
41771,1896.7,12.23
41772,1897.5,12.13
41773,1888.5,12.17
41774,1870.8,13.17
41775,1877.9,12.44
41778,1885.1,12.42
41779,1872.8,12.96
41780,1888,11.91
41781,1892.5,12.03
41782,1900.5,11.36
41786,1911.9,11.51
41787,1909.8,11.68
41788,1920,11.57
41789,1923.6,11.4
41792,1925,11.58
41793,1924.2,11.87
41794,1927.9,12.08
41795,1940.5,11.68
41796,1949.4,10.73
41799,1951.3,11.15
41800,1950.8,10.99
41801,1943.9,11.6
41802,1930.1,12.56
41803,1936.2,12.18
41806,1937.8,12.65
41807,1942,12.06
41808,1957,10.61
41809,1959.5,10.62
41810,1962.9,10.85
41813,1962.6,10.98
41814,1950,12.13
41815,1959.5,11.59
41816,1957.2,11.63
41817,1961,11.26
41820,1960.2,11.57
41821,1973.3,11.15
41822,1974.6,10.82
41823,1985.4,10.32
41827,1977.7,11.33
41828,1963.7,11.98
41829,1972.8,11.65
41830,1964.7,12.59
41831,1967.6,12.08
41834,1977.1,11.82
41835,1973.3,11.96
41836,1981.6,11
41837,1958.1,14.54
41838,1978.2,12.06
41841,1973.6,12.81
41842,1983.5,12.24
41843,1987,11.52
41844,1988,11.84
41845,1978.3,12.69
41848,1978.9,12.56
41849,1970,13.28
41850,1970.1,13.33
41851,1930.7,16.95
41852,1925.2,17.03
41855,1939,15.12
41856,1920.2,16.87
41857,1920.2,16.37
41858,1909.6,16.66
41859,1931.6,15.77
41862,1936.9,14.23
41863,1933.8,14.13
41864,1946.7,12.9
41865,1955.2,12.42
41866,1955.1,13.15
41869,1971.7,12.32
41870,1981.6,12.21
41871,1986.5,11.78
41872,1992.4,11.76
41873,1988.4,11.47
41876,1997.9,11.7
41877,2000,11.63
41878,2000.1,11.78
41879,1996.7,12.05
41880,2003.4,11.98
41884,2002.3,12.25
41885,2000.7,12.36
41886,1997.7,12.64
41887,2007.7,12.09
41890,2001.5,12.66
41891,1988.4,13.5
41892,1995.7,12.88
41893,1997.5,12.8
41894,1985.5,13.31
41897,1984.1,14.12
41898,1999,12.73
41899,2001.6,12.65
41900,2011.4,12.03
41901,2010.4,12.11
41904,1994.3,13.69
41905,1982.8,14.93
41906,1998.3,13.27
41907,1966,15.64
41908,1982.8,14.85
41911,1977.8,15.98
41912,1972.3,16.31
41913,1946.2,16.71
41914,1946.2,16.16
41915,1967.9,14.55
41918,1964.8,15.46
41919,1935.1,17.2
41920,1968.9,15.11
41921,1928.2,18.76
41922,1906.1,21.24
41925,1874.7,24.64
41926,1877.7,22.79
41927,1862.5,26.25
41928,1862.8,25.2
41929,1886.8,21.99
41932,1904,18.57
41933,1941.3,16.08
41934,1927.1,17.87
41935,1950.8,16.53
41936,1964.6,16.11
41939,1961.6,16.04
41940,1985,14.39
41941,1982.3,15.15
41942,1994.7,14.52
41943,2018,14.03
41946,2017.8,14.73
41947,2012.1,14.89
41948,2023.6,14.17
41949,2031.2,13.67
41950,2031.9,13.12
41953,2038.3,12.67
41954,2039.7,12.92
41955,2038.2,13.02
41956,2039.3,13.79
41957,2039.8,13.31
41960,2041.3,13.99
41961,2051.8,13.86
41962,2048.7,13.96
41963,2052.8,13.58
41964,2063.5,12.9
41967,2069.4,12.62
41968,2067,12.25
41969,2072.8,12.07
41971,2067.6,13.33
41974,2053.4,14.29
41975,2066.6,12.85
41976,2074.3,12.47
41977,2071.9,12.38
41978,2075.4,11.82
41981,2060.3,14.21
41982,2059.8,14.89
41983,2026.1,18.53
41984,2035.3,20.08
41985,2002.3,21.08
41988,1989.6,20.42
41989,1972.7,23.57
41990,2012.9,19.44
41991,2061.2,16.81
41992,2070.7,16.49
41995,2078.5,15.25
41996,2082.2,14.8
41997,2081.9,14.37
41999,2088.8,14.5
42002,2090.6,15.06
42003,2080.3,15.92
42004,2058.9,19.2
42006,2058.2,17.79
42009,2020.6,19.92
42010,2002.6,21.12
42011,2025.9,19.31
42012,2062.1,17.01
42013,2044.8,17.55
42016,2028.3,19.6
42017,2023,20.56
42018,2011.3,21.48
42019,1992.7,22.39
42020,2019.4,20.95
42024,2022.5,19.89
42025,2032.1,18.85
42026,2063.2,16.4
42027,2051.8,16.66
42030,2057.1,15.52
42031,2029.5,17.22
42032,2002.2,20.44
42033,2021.2,18.76
42034,1995,20.97
42037,2020.8,19.43
42038,2050,17.33
42039,2041.5,18.33
42040,2062.5,16.85
42041,2055.5,17.29
42044,2046.7,18.55
42045,2068.6,17.23
42046,2068.5,16.96
42047,2088.5,15.34
42048,2097,14.69
42052,2100.3,15.8
42053,2099.7,15.45
42054,2097.4,15.29
42055,2110.3,14.3
42058,2109.7,14.56
42059,2115.5,13.69
42060,2113.9,13.84
42061,2110.7,13.91
42062,2104.5,13.34
42065,2117.4,13.04
42066,2107.8,13.86
42067,2098.5,14.23
42068,2101,14.04
42069,2071.3,15.2
42072,2079.4,15.06
42073,2044.2,16.69
42074,2040.2,16.87
42075,2065.9,15.42
42076,2053.4,16
42079,2081.2,15.61
42080,2074.3,15.66
42081,2099.5,13.97
42082,2089.3,14.07
42083,2108.1,13.02
42086,2104.4,13.41
42087,2091.5,13.62
42088,2061.1,15.44
42089,2056.2,15.8
42090,2061,15.07
42093,2086.2,14.51
42094,2067.9,15.29
42095,2059.7,15.11
42096,2067,14.67
42100,2080.6,14.74
42101,2076.3,14.78
42102,2081.9,13.98
42103,2091.2,13.09
42104,2102.1,12.58
42107,2092.4,13.94
42108,2095.8,13.67
42109,2106.6,12.84
42110,2105,12.6
42111,2081.2,13.89
42114,2100.4,13.3
42115,2097.3,13.25
42116,2108,12.71
42117,2112.9,12.48
42118,2117.7,12.29
42121,2108.9,13.12
42122,2114.8,12.41
42123,2106.8,13.39
42124,2085.5,14.55
42125,2108.3,12.7
42128,2114.5,12.85
42129,2089.5,14.31
42130,2080.2,15.15
42131,2088,15.13
42132,2116.1,12.86
42135,2105.3,13.85
42136,2099.1,13.86
42137,2098.5,13.76
42138,2121.1,12.74
42139,2122.7,12.38
42142,2129.2,12.73
42143,2127.8,12.85
42144,2125.8,12.88
42145,2130.8,12.11
42146,2126.1,12.13
42150,2104.2,14.06
42151,2123.5,13.27
42152,2120.8,13.31
42153,2107.4,13.84
42156,2111.7,13.97
42157,2109.6,14.24
42158,2114.1,13.66
42159,2095.8,14.71
42160,2092.8,14.21
42163,2079.3,15.29
42164,2080.2,14.47
42165,2105.2,13.22
42166,2108.9,12.85
42167,2094.1,13.78
42170,2084.4,15.39
42171,2096.3,14.81
42172,2100.4,14.5
42173,2121.2,13.19
42174,2110,13.96
42177,2122.8,12.74
42178,2124.2,12.11
42179,2108.6,13.26
42180,2102.3,14.01
42181,2101.5,14.02
42184,2057.6,18.85
42185,2063.1,18.23
42186,2077.4,16.09
42187,2076.8,16.79
42191,2068.8,17.01
42192,2081.3,16.09
42193,2046.7,19.66
42194,2051.3,19.97
42195,2076.6,16.83
42198,2099.6,13.9
42199,2108.9,13.37
42200,2107.4,13.23
42201,2124.3,12.11
42202,2126.6,11.95
42205,2128.3,12.25
42206,2119.2,12.22
42207,2114.2,12.12
42208,2102.2,12.63
42209,2079.7,13.74
42212,2067.6,15.6
42213,2093.2,13.44
42214,2108.6,12.5
42215,2108.6,12.13
42216,2103.8,12.12
42219,2098,12.56
42220,2093.3,13
42221,2099.8,12.51
42222,2083.6,13.77
42223,2077.6,13.39
42226,2104.2,12.23
42227,2084.1,13.71
42228,2086.1,13.61
42229,2083.4,13.49
42230,2091.5,12.83
42233,2102.4,13.02
42234,2096.9,13.79
42235,2079.6,15.25
42236,2035.7,19.14
42237,1970.9,28.03
42240,1893.2,40.74
42241,1867.6,36.02
42242,1940.5,30.32
42243,1987.7,26.1
42244,1988.9,26.05
42247,1972.2,28.43
42248,1913.8,31.4
42249,1948.9,26.09
42250,1951.1,25.61
42251,1921.2,27.8
42255,1969.4,24.9
42256,1942,26.23
42257,1952.3,24.37
42258,1961,23.2
42261,1953,24.25
42262,1978.1,22.54
42263,1995.3,21.35
42264,1990.2,21.14
42265,1958,22.28
42268,1967,20.14
42269,1942.7,22.44
42270,1938.8,22.13
42271,1932.2,23.47
42272,1931.3,23.62
42275,1881.8,27.63
42276,1884.1,26.83
42277,1920,24.5
42278,1923.8,22.55
42279,1951.4,20.94
42282,1987,19.54
42283,1979.9,19.4
42284,1995.8,18.4
42285,2013.4,17.42
42286,2014.9,17.08
42289,2017.5,16.17
42290,2003.7,17.67
42291,1994.2,18.03
42292,2023.9,16.05
42293,2033.1,15.05
42296,2033.7,14.98
42297,2030.8,15.75
42298,2018.9,16.7
42299,2052.5,14.45
42300,2075.2,14.46
42303,2071.2,15.29
42304,2065.9,15.43
42305,2090.3,14.33
42306,2089.4,14.61
42307,2079.4,15.07
42310,2104.1,14.15
42311,2109.8,14.54
42312,2102.3,15.51
42313,2099.9,15.05
42314,2099.2,14.33
42317,2078.6,16.52
42318,2081.7,15.29
42319,2075,16.06
42320,2046,18.37
42321,2023,20.08
42324,2053.2,18.16
42325,2050.4,18.84
42326,2083.6,16.85
42327,2081.2,16.99
42328,2089.2,15.47
42331,2086.6,15.62
42332,2089.1,15.93
42333,2088.9,15.19
42335,2090.1,15.12
42338,2080.4,16.13
42339,2102.6,14.67
42340,2079.5,15.91
42341,2049.6,18.11
42342,2091.7,14.81
42345,2077.1,15.84
42346,2063.6,17.6
42347,2047.6,19.61
42348,2052.2,19.34
42349,2012.4,24.39
42352,2021.9,22.73
42353,2043.4,20.95
42354,2073.1,17.86
42355,2041.9,18.94
42356,2005.5,20.7
42359,2021.2,18.7
42360,2039,16.6
42361,2064.3,15.57
42362,2061,15.74
42366,2056.5,16.91
42367,2078.4,16.08
42368,2063.4,17.29
42369,2043.9,18.21
42373,2012.7,20.7
42374,2016.7,19.34
42375,1990.3,20.59
42376,1943.1,24.99
42377,1922,27.01
42380,1923.7,24.3
42381,1938.7,22.47
42382,1890.3,25.22
42383,1921.8,23.95
42384,1880.3,27.02
42388,1881.3,26.05
42389,1859.3,27.59
42390,1869,26.69
42391,1906.9,22.34
42394,1877.1,24.15
42395,1903.6,22.5
42396,1883,23.11
42397,1893.4,22.42
42398,1940.2,20.2
42401,1939.4,19.98
42402,1903,21.98
42403,1912.5,21.65
42404,1915.5,21.84
42405,1880,23.38
42408,1853.4,26
42409,1852.2,26.54
42410,1851.9,26.29
42411,1829.1,28.14
42412,1864.8,25.4
42416,1895.6,24.11
42417,1926.8,22.31
42418,1917.8,21.64
42419,1917.8,20.53
42422,1945.5,19.38
42423,1921.3,20.98
42424,1929.8,20.72
42425,1951.7,19.11
42426,1948,19.81
42429,1932.2,20.55
42430,1978.3,17.7
42431,1986.5,17.09
42432,1993.4,16.7
42433,2000,16.86
42436,2001.8,17.35
42437,1979.3,18.67
42438,1989.3,18.34
42439,1989.6,18.05
42440,2022.2,16.5
42443,2019.6,16.92
42444,2015.9,16.84
42445,2027.2,14.99
42446,2040.6,14.44
42447,2049.6,14.02
42450,2051.6,13.79
42451,2049.8,14.17
42452,2036.7,14.94
42453,2035.9,14.74
42457,2037,15.24
42458,2055,13.82
42459,2063.9,13.56
42460,2059.7,13.95
42461,2072.8,13.1
42464,2066.1,14.12
42465,2045.2,15.42
42466,2066.7,14.09
42467,2041.9,16.16
42468,2047.6,15.36
42471,2042,16.26
42472,2061.7,14.85
42473,2082.4,13.84
42474,2082.8,13.72
42475,2080.7,13.62
42478,2094.3,13.35
42479,2100.8,13.24
42480,2102.4,13.28
42481,2091.5,13.95
42482,2091.6,13.22
42485,2087.8,14.08
42486,2091.7,13.96
42487,2095.2,13.77
42488,2075.8,15.22
42489,2065.3,15.7
42492,2081.4,14.68
42493,2063.4,15.6
42494,2051.1,16.05
42495,2050.6,15.91
42496,2057.1,14.72
42499,2058.7,14.57
42500,2084.4,13.63
42501,2064.5,14.69
42502,2064.1,14.41
42503,2046.6,15.04
42506,2066.7,14.68
42507,2047.2,15.57
42508,2047.6,15.95
42509,2040,16.33
42510,2052.3,15.2
42513,2048,15.82
42514,2076.1,14.42
42515,2090.5,13.9
42516,2090.1,13.43
42517,2099.1,13.12
42521,2097,14.19
42522,2099.3,14.2
42523,2105.3,13.63
42524,2099.1,13.47
42527,2109.4,13.65
42528,2112.1,14.05
42529,2119.1,14.08
42530,2115.5,14.64
42531,2096.1,17.03
42534,2079.1,20.97
42535,2075.3,20.5
42536,2071.5,20.14
42537,2078,19.55
42538,2071.2,19.41
42541,2083.2,18.37
42542,2088.9,18.48
42543,2085.4,21.17
42544,2113.3,17.25
42545,2037.4,25.76
42548,2000.5,23.85
42549,2036.1,18.75
42550,2070.8,16.64
42551,2098.9,15.63
42552,2102.9,14.77
42556,2088.6,15.58
42557,2099.7,14.96
42558,2097.9,14.76
42559,2129.9,13.2
42562,2137.2,13.54
42563,2152.1,13.55
42564,2152.4,13.04
42565,2163.8,12.82
42566,2161.7,12.67
42569,2166.9,12.44
42570,2163.8,11.97
42571,2173,11.77
42572,2165.2,12.74
42573,2175,12.02
42576,2168.5,12.87
42577,2169.2,13.05
42578,2166.6,12.83
42579,2170.1,12.72
42580,2173.6,11.87
42583,2170.8,12.44
42584,2157,13.37
42585,2163.8,12.86
42586,2164.2,12.42
42587,2182.9,11.39
42590,2180.9,11.5
42591,2181.7,11.66
42592,2175.5,12.05
42593,2185.8,11.68
42594,2184.1,11.55
42597,2190.2,11.81
42598,2178.2,12.64
42599,2182.2,12.19
42600,2187,11.43
42601,2183.9,11.34
42604,2182.6,12.27
42605,2186.9,12.38
42606,2175.4,13.45
42607,2172.5,13.63
42608,2169,13.65
42611,2180.4,12.94
42612,2176.1,13.12
42613,2170.9,13.42
42614,2170.9,13.48
42615,2180,11.98
42619,2186.5,12.02
42620,2186.2,11.94
42621,2181.3,12.51
42622,2127.8,17.5
42625,2159,15.16
42626,2127,17.85
42627,2125.8,18.14
42628,2147.3,16.3
42629,2139.2,15.37
42632,2139.1,15.53
42633,2139.8,15.92
42634,2163.1,13.3
42635,2177.2,12.02
42636,2164.7,12.29
42639,2146.1,14.5
42640,2159.9,13.1
42641,2171.4,12.39
42642,2151.1,14.02
42643,2168.3,13.29
42646,2161.2,13.57
42647,2150.5,13.63
42648,2159.7,12.99
42649,2160.8,12.84
42650,2153.7,13.48
42653,2163.7,13.38
42654,2136.7,15.36
42655,2139.2,15.91
42656,2132.6,16.69
42657,2133,16.12
42660,2126.5,16.21
42661,2139.6,15.28
42662,2144.3,14.41
42663,2141.3,13.75
42664,2141.2,13.34
42667,2151.3,13.02
42668,2143.2,13.46
42669,2139.4,14.24
42670,2133,15.36
42671,2126.4,16.19
42674,2126.2,17.06
42675,2111.7,18.56
42676,2097.9,19.32
42677,2088.7,22.08
42678,2085.2,22.51
42681,2131.5,18.71
42682,2139.6,18.74
42683,2163.3,14.38
42684,2167.5,14.74
42685,2164.4,14.17
42688,2164.2,14.48
42689,2180.4,13.37
42690,2176.9,13.72
42691,2187.1,13.35
42692,2181.9,12.85
42695,2198.2,12.42
42696,2202.9,12.41
42697,2204.7,12.43
42699,2213.3,12.34
42702,2201.7,13.15
42703,2204.7,12.9
42704,2198.8,13.33
42705,2191.1,14.07
42706,2191.9,14.12
42709,2204.7,12.14
42710,2212.2,11.79
42711,2241.3,12.22
42712,2246.2,12.64
42713,2259.5,11.75
42716,2257,12.64
42717,2271.7,12.72
42718,2253.3,13.19
42719,2262,12.79
42720,2258.1,12.2
42723,2262.5,11.71
42724,2270.8,11.45
42725,2265.2,11.27
42726,2261,11.43
42727,2263.8,11.44
42731,2268.9,11.99
42732,2249.9,12.95
42733,2249.3,13.37
42734,2238.8,14.04
42738,2257.8,12.85
42739,2270.8,11.85
42740,2269,11.67
42741,2277,11.32
42744,2268.9,11.56
42745,2268.9,11.49
42746,2275.3,11.26
42747,2270.4,11.54
42748,2274.6,11.23
42752,2267.9,11.87
42753,2271.9,12.48
42754,2263.7,12.78
42755,2271.3,11.54
42758,2265.2,11.77
42759,2280.1,11.07
42760,2298.4,10.81
42761,2296.7,10.63
42762,2294.7,10.58
42765,2280.9,11.88
42766,2278.9,11.99
42767,2279.6,11.81
42768,2280.8,11.93
42769,2297.4,10.97
42772,2292.6,11.37
42773,2293.1,11.29
42774,2294.7,11.45
42775,2307.9,10.88
42776,2316.1,10.85
42779,2328.2,11.07
42780,2337.6,10.74
42781,2349.2,11.97
42782,2347.2,11.76
42783,2351.2,11.49
42787,2365.4,11.57
42788,2362.8,11.74
42789,2363.8,11.71
42790,2367.3,11.47
42793,2369.8,12.09
42794,2363.6,12.92
42795,2396,12.54
42796,2381.9,11.81
42797,2383.1,10.96
