,y,ypredic,measurepredi,lilk
0,0.09605961600776254,0.8333333333333338,0.8333333333333338,-9.274933366313354
1,0.17867677360799814,0.20665067360659828,0.20665067360659828,-1.4311419129790934
2,0.23778216294838167,0.2407121292549913,0.2407121292549913,-1.3735982749525386
3,0.296349167419742,0.29742722552649925,0.29742722552649925,-1.3732271502887226
4,0.33819054725859826,0.34907386643510085,0.34907386643510085,-1.3790913716395268
5,0.3811381406321699,0.38923940561979525,0.38923940561979525,-1.3764505645446314
6,0.43788183493086563,0.4268120450815952,0.4268120450815952,-1.3792960521899957
7,0.48422317259743297,0.47398727587942263,0.47398727587942263,-1.378407718905734
8,0.5160966166459489,0.5168481243524276,0.5168481243524276,-1.37319727801629
9,0.5594889382232467,0.5477903338387318,0.5477903338387318,-1.3800119070519148
10,0.5863119061626271,0.5836718013209976,0.5836718013209976,-1.373517547503385
11,0.5969501263183842,0.6105898838352358,0.6105898838352358,-1.3824711890805708
12,0.6139121400972165,0.6231884671290266,0.6231884671290266,-1.3774715519846998
13,0.6290712182921787,0.6368502805297842,0.6368502805297842,-1.3761947302894721
14,0.6469109550173977,0.6505508564581248,0.6505508564581248,-1.3738314839495556
15,0.6677397058769692,0.6657136930702663,0.6657136930702663,-1.3733742762192915
16,0.6852781856956306,0.6834451909998186,0.6834451909998186,-1.3733370333023889
17,0.6930165782685171,0.6995371074484227,0.6995371074484227,-1.3752949048639451
18,0.7114418519192204,0.7083069103617179,0.7083069103617179,-1.373660432753093
19,0.7120621656580195,0.7223837749587733,0.7223837749587733,-1.3784958207525155
20,0.7296405724701218,0.7264906430312974,0.7264906430312974,-1.373665142598124
21,0.7198269222222028,0.7385680224112868,0.7385680224112868,-1.3907304816395094
22,0.7338451842622145,0.7354104216051223,0.7354104216051223,-1.3732915382216269
23,0.7520835935255217,0.7429801097427464,0.7429801097427464,-1.377312710673808
24,0.7596312989986327,0.7581858804497977,0.7581858804497977,-1.373273501563711
25,0.780885354631928,0.7669660020241746,0.7669660020241746,-1.3828564586755938
26,0.7803594052223611,0.7829283009494376,0.7829283009494376,-1.3734990010874748
27,0.7887582456133259,0.7868214664775912,0.7868214664775912,-1.3733565954956761
28,0.7879330459450905,0.7924274880615338,0.7924274880615338,-1.3741790403215481
29,0.7908469160381804,0.7935461203653268,0.7935461203653268,-1.3735333250246295
30,0.8022628234967559,0.7953625120949808,0.7953625120949808,-1.3755497546967186
31,0.8075774422589427,0.8037081031854302,0.8037081031854302,-1.3739176290679358
32,0.7943263263043667,0.8096052254354323,0.8096052254354323,-1.3848412777575092
33,0.8007487048524826,0.8016573903387579,0.8016573903387579,-1.3732103252902936
34,0.8084735076330146,0.8033743845605615,0.8033743845605615,-1.3744690926300465
35,0.8049772177107102,0.8099117261609465,0.8099117261609465,-1.374386508506918
36,0.7989234712636318,0.8090792095698859,0.8090792095698859,-1.378325990851901
37,0.8064366551574854,0.8042634040014117,0.8042634040014117,-1.373405190854014
38,0.8151945974876611,0.8081616197598165,0.8081616197598165,-1.3756421786106632
39,0.8255506754291594,0.8156196573231067,0.8156196573231067,-1.3781002958557824
40,0.8492051203032871,0.8244133787893607,0.8244133787893607,-1.4039005621893124
41,0.8536760445623365,0.8425696168920671,0.8425696168920671,-1.3793366766043915
42,0.8551559064120061,0.8503407343630464,0.8503407343630464,-1.3743283339176995
43,0.8579387039347592,0.8522412252726315,0.8522412252726315,-1.3747921029799153
44,0.862618870649037,0.8544294999580375,0.8544294999580375,-1.3765223294403752
45,0.8642543646399569,0.8581685728282971,0.8581685728282971,-1.3750208829233885
46,0.8574827209664332,0.8602167420849781,0.8602167420849781,-1.3735427833984777
47,0.8384996618548962,0.8559391231851661,0.8559391231851661,-1.388375780399144
48,0.8418632063998635,0.8416763142546161,0.8416763142546161,-1.3731707862583429
49,0.8253334374847017,0.8401669127228865,0.8401669127228865,-1.3841706392067372
50,0.8277749496420858,0.8295993787695699,0.8295993787695699,-1.373335466906706
51,0.8228609183998117,0.8279536532535586,0.8279536532535586,-1.3744658372391736
52,0.8233765928636543,0.8251004144402891,0.8251004144402891,-1.373317617866049
53,0.8404333945270137,0.8244682668272474,0.8244682668272474,-1.3859133049481376
54,0.8481242596457912,0.8361700268511002,0.8361700268511002,-1.3803142239101285
55,0.8645212636550698,0.8448111754645408,0.8448111754645408,-1.3925934186485667
56,0.853349790500406,0.8574993112146058,0.8574993112146058,-1.374029965932524
57,0.8352201501526992,0.8531821102712901,0.8531821102712901,-1.3893006403897377
58,0.8515863883045617,0.8386196602039168,0.8386196602039168,-1.3815758417064479
59,0.8509026581396446,0.8461227740776419,0.8461227740776419,-1.3743114044069547
60,0.8507460116572408,0.8489310851958707,0.8489310851958707,-1.3733337377276542
61,0.835934900162076,0.8486878195548527,0.8486878195548527,-1.3813008874765784
62,0.8393663523252429,0.8385849344416599,0.8385849344416599,-1.3731995705200843
63,0.8291867966372283,0.8379560996135804,0.8379560996135804,-1.3770140735591982
64,0.8298066018094205,0.8317202921783639,0.8317202921783639,-1.3733521503660546
65,0.8226145776856781,0.8301058485578516,0.8301058485578516,-1.375974996788659
66,0.8200273868907642,0.8253392331881453,0.8253392331881453,-1.3745798253789954
67,0.8385105515308606,0.8221415386228553,0.8221415386228553,-1.3865662690037674
68,0.8540421670315034,0.8341926524191381,0.8341926524191381,-1.3928692013419703
69,0.8430872103283922,0.8484507838875944,0.8484507838875944,-1.374607435890894
70,0.8388396482249002,0.8441077364296075,0.8441077364296075,-1.374556677491274
71,0.8460097040287865,0.8390284028586106,0.8390284028586106,-1.3756059681260802
72,0.8510761533870472,0.843054528384555,0.843054528384555,-1.3763863632086757
73,0.8321336518602881,0.8479337251089495,0.8479337251089495,-1.3856511555577984
74,0.8282677927638864,0.8360661139424054,0.8360661139424054,-1.376209730484812
75,0.8182140616914033,0.8296488294515004,0.8296488294515004,-1.379706735511013
76,0.8266688906264428,0.8220391205029316,0.8220391205029316,-1.374240778394473
77,0.8386337769403294,0.8257776579642618,0.8257776579642618,-1.3814330295809853
78,0.8318466667692677,0.8356047464447126,0.8356047464447126,-1.3738751979669948
79,0.839460594991748,0.8333824887911679,0.8333824887911679,-1.3750162085739217
80,0.8297865622161277,0.8372025379482422,0.8372025379482422,-1.3759188746276108
81,0.8276596016265461,0.8321469813053165,0.8321469813053165,-1.3741758686437173
82,0.8415482248004833,0.8287658415492769,0.8287658415492769,-1.3813385059036813
83,0.8397790885592133,0.8377847131896379,0.8377847131896379,-1.3733679164803836
84,0.8449250825698609,0.8393594251803618,0.8393594251803618,-1.3747178669335096
85,0.8513091478748444,0.8425048738593481,0.8425048738593481,-1.3770448018716424
86,0.8372366489523568,0.8478752370688664,0.8478752370688664,-1.378828017680282
87,0.8480095457605888,0.8395827508625716,0.8395827508625716,-1.3767195834373076
88,0.836529556958771,0.8440938209076718,0.8440938209076718,-1.3760299442790773
89,0.8482564107136733,0.8384420078840821,0.8384420078840821,-1.3779851649697197
90,0.8530492481612829,0.8441202706770521,0.8441202706770521,-1.3771553717703402
91,0.8632034712944017,0.8497247708924072,0.8497247708924072,-1.3822528080509815
92,0.8619704322769869,0.8575882101124498,0.8575882101124498,-1.3741292333796131
93,0.8664579466839017,0.8587805882072315,0.8587805882072315,-1.3761161314836103
94,0.8572515665670083,0.8615854902004506,0.8615854902004506,-1.3741081845276708
95,0.8414609273574037,0.856222654602346,0.856222654602346,-1.3840644693873487
96,0.8385435131034007,0.8436437439164363,0.8436437439164363,-1.374469657541957
97,0.8453959442184236,0.8385017743817933,0.8385017743817933,-1.3755455187114602
98,0.8380013736021495,0.8425779446892082,0.8425779446892082,-1.3742162899703902
99,0.8401528469643675,0.8389201228931464,0.8389201228931464,-1.3732450202564337
100,0.8496426387014147,0.8389042106561999,0.8389042106561999,-1.378934731668758
101,0.8615171102724444,0.8457875637098355,0.8457875637098355,-1.385539971577909
102,0.8549890162464022,0.8557601627255451,0.8557601627255451,-1.3731987731692599
103,0.8453767448133668,0.8536959531020425,0.8536959531020425,-1.3766295011521636
104,0.838762850988563,0.8458539897223699,0.8458539897223699,-1.3756832522517501
105,0.858273917678206,0.8394340876348962,0.8394340876348962,-1.3909159996276852
106,0.8328979606695285,0.8513788342188927,0.8513788342188927,-1.3902461741820247
107,0.8401061947072301,0.8380253967909207,0.8380253967909207,-1.3733855258230712
108,0.834618248320152,0.8378518045348222,0.8378518045348222,-1.373691834114317
109,0.8346646781513205,0.8355616477991494,0.8355616477991494,-1.3732092675521015
110,0.8167186087934835,0.8344956308069283,0.8344956308069283,-1.3889701654079705
111,0.8076395400546188,0.8223015896098329,0.8223015896098329,-1.383917824682623
112,0.828374020935979,0.8125386089958375,0.8125386089958375,-1.385707053390344
113,0.8072747706913118,0.8248222422473895,0.8248222422473895,-1.388564727725213
114,0.8297815715377155,0.8146216482572879,0.8146216482572879,-1.3846602035180677
115,0.8225753743717013,0.8257064227839089,0.8257064227839089,-1.3736592130326246
116,0.8228787609469664,0.8253075688803,0.8253075688803,-1.3734639952234964
117,0.8203946979528299,0.8240726323182775,0.8240726323182775,-1.3738453998844722
118,0.8132128405866219,0.8224441467973177,0.8224441467973177,-1.3774298905424267
119,0.8240820853980458,0.817063671189469,0.817063671189469,-1.3756319467248028
120,0.8196142353714538,0.8230183861879956,0.8230183861879956,-1.3737484519637333
121,0.8259747053082854,0.8221540971321978,0.8221540971321978,-1.3738988921664046
122,0.8351941000495395,0.8255856466839249,0.8255856466839249,-1.3777851586286047
123,0.836534186702884,0.833126929095344,0.833126929095344,-1.3737495100448522
124,0.8355702610675205,0.8358820669678692,0.8358820669678692,-1.3731739009706199
125,0.8485004094063304,0.8354946148664908,0.8354946148664908,-1.3816265744052714
126,0.8323263412336401,0.8440943306098089,0.8440943306098089,-1.3800933185225261
127,0.8259181025262041,0.8356819939201414,0.8356819939201414,-1.3779357185822754
128,0.8262529950000188,0.8280895779645469,0.8280895779645469,-1.373337691673925
129,0.8085708432842699,0.8270356571052537,0.8270356571052537,-1.390216507296825
130,0.8210058007946828,0.8150787724333073,0.8150787724333073,-1.3749255230844728
131,0.8141724627244642,0.8199981131972384,0.8199981131972384,-1.374865949996192
132,0.8144270349905555,0.8178384348115723,0.8178384348115723,-1.373750922261587
133,0.810917434473744,0.8166448763384706,0.8166448763384706,-1.3748092193403363
134,0.834183199424024,0.814309262440257,0.814309262440257,-1.3929177083863822
135,0.8233462292661199,0.8294280625030852,0.8294280625030852,-1.375018474600758
136,0.826551026739496,0.8267120757857663,0.8267120757857663,-1.3731703366644104
137,0.8217321156252523,0.8267239440360813,0.8267239440360813,-1.3744149573688031
138,0.8257142624022387,0.8240880439730708,0.8240880439730708,-1.3733012691436135
139,0.8262950008884062,0.8258321215585729,0.8258321215585729,-1.3731797526883445
140,0.8344049844921114,0.827023453084564,0.827023453084564,-1.3758933901206756
141,0.8207542148463038,0.8326543896323171,0.8326543896323171,-1.3802497478215285
142,0.8215273236262236,0.8249938629939089,0.8249938629939089,-1.3737698845840307
143,0.804627662517442,0.822789423035093,0.822789423035093,-1.3896615170796704
144,0.8140946054828374,0.8114522752371053,0.8114522752371053,-1.3735181352810208
145,0.8238867498507051,0.8145098642318179,0.8145098642318179,-1.37756533902013
146,0.8271465739847224,0.823061910995047,0.823061910995047,-1.3740032634116064
147,0.8188650004952819,0.8272370202797523,0.8272370202797523,-1.3766735755882233
148,0.8273922739497246,0.8222575151337361,0.8222575151337361,-1.3744873272295637
149,0.8210968435190029,0.8263997463848691,0.8263997463848691,-1.3745750787648858
150,0.8222164939642894,0.823824308382867,0.823824308382867,-1.3732982931848745
151,0.8281897753718552,0.8233265845995175,0.8233265845995175,-1.3743515710490528
152,0.8113182132307389,0.8276123460457194,0.8276123460457194,-1.3864439780342563
153,0.8084278326580251,0.8173343400712736,0.8173343400712736,-1.3771353335397578
154,0.8075314361474832,0.8119945688536049,0.8119945688536049,-1.374165017502268
155,0.8134603507646698,0.8108069431118937,0.8108069431118937,-1.3735210684332357
156,0.8124027818867638,0.8146593257494722,0.8146593257494722,-1.3734236393348616
157,0.8135448692138308,0.8151259618359334,0.8151259618359334,-1.3732940325186287
158,0.810861529113865,0.8156910674427578,0.8156910674427578,-1.3743352618481575
159,0.8323994799133656,0.8140948136401944,0.8140948136401944,-1.3899220801932537
160,0.8314081237608009,0.8282039521638617,0.8282039521638617,-1.3736823756057768
161,0.8221345122621408,0.8318374201400178,0.8318374201400178,-1.3778763608889735
162,0.8295155694734344,0.825333093090416,0.825333093090416,-1.3740436952593706
163,0.8071421145090054,0.8284974896943635,0.8284974896943635,-1.3959716422900157
164,0.8238637061807615,0.8147597517608106,0.8147597517608106,-1.3773131391286724
165,0.8000669647901226,0.821655743104719,0.821655743104719,-1.3964728072804846
166,0.8147918197706039,0.8088182772934358,0.8088182772934358,-1.3749532003109717
167,0.7972864972467447,0.8140718304020352,0.8140718304020352,-1.38725641028135
168,0.8029289973953149,0.8051131820819072,0.8051131820819072,-1.3734075729619024
169,0.7923172243264437,0.8054490176781631,0.8054490176781631,-1.3817912396562584
170,0.8016375929735703,0.7993615120210448,0.7993615120210448,-1.3734280670497676
171,0.7968500454480363,0.8035770080873166,0.8035770080873166,-1.3754316411421588
172,0.7977378635937722,0.8021855494993788,0.8021855494993788,-1.3741581353203918
173,0.8191035085230455,0.8018317563333723,0.8018317563333723,-1.3880847110097192
174,0.806427897747751,0.8165379585144255,0.8165379585144255,-1.3782797062599377
175,0.8206809161273921,0.8121916721730799,0.8121916721730799,-1.3767724029704367
176,0.8116811651541961,0.8193486025161769,0.8193486025161769,-1.37610851960964
177,0.8120735869265326,0.8160793755303318,0.8160793755303318,-1.3739713569415617
178,0.8272467074873608,0.8145462721408815,0.8145462721408815,-1.3812340927241504
179,0.8297246326951601,0.8249424784767119,0.8249424784767119,-1.3743124897730963
180,0.8340897887147826,0.8296620917301811,0.8296620917301811,-1.3741492648540177
181,0.8446683065828485,0.8331259828650842,0.8331259828650842,-1.3798303016649285
182,0.835311329921284,0.8411924062192936,0.8411924062192936,-1.3748983927457958
183,0.8352790881569395,0.8369453656630429,0.8369453656630429,-1.3733078638610126
184,0.8390154176505377,0.8350520459309757,0.8350520459309757,-1.3739544555940164
185,0.8398414282234523,0.8375863016337536,0.8375863016337536,-1.3734233196214236
186,0.8480653908840969,0.8388952547220552,0.8388952547220552,-1.3773736096861646
187,0.8270562947378872,0.8446527514458764,0.8446527514458764,-1.388650804258452
188,0.8229356680211843,0.8320113585985828,0.8320113585985828,-1.3772874477974792
189,0.812394618280832,0.8250075132019828,0.8250075132019828,-1.3811232957392447
190,0.8015481897872159,0.8170154740352027,0.8170154740352027,-1.3851308839250462
191,0.8134123108141655,0.8075316927114733,0.8075316927114733,-1.3748981232881308
192,0.8090031194269354,0.8134300093110758,0.8134300093110758,-1.3741489075269604
193,0.8022415534633524,0.8128045833731492,0.8128045833731492,-1.3787479198684083
194,0.8053261612246081,0.8073248802404668,0.8073248802404668,-1.373368783709863
195,0.7906841274343347,0.808070100325404,0.808070100325404,-1.3882826424930952
196,0.7864974758208998,0.7987304389002692,0.7987304389002692,-1.380651309109706
197,0.7960790811172732,0.7929551090450789,0.7929551090450789,-1.3736569999000376
198,0.7813317324536265,0.7986332703239257,0.7986332703239257,-1.3881362004585152
199,0.8055592131025536,0.7905213942919208,0.7905213942919208,-1.3844758395537162
200,0.7908978684824803,0.8040466114004619,0.8040466114004619,-1.3818135118408037
201,0.798371580543028,0.7989223931885974,0.7989223931885974,-1.3731842095531712
202,0.7938236697643672,0.8010722484657552,0.8010722484657552,-1.375796134484156
203,0.7977752365831847,0.7994744115483754,0.7994744115483754,-1.3733133996027618
204,0.8053714512637901,0.8012518948294391,0.8012518948294391,-1.3740175770854353
205,0.8194412762503617,0.8072076341760142,0.8072076341760142,-1.3806521397448075
206,0.8304470961457436,0.818294358103004,0.818294358103004,-1.3805534919214177
207,0.8243298083257996,0.8285922806291781,0.8285922806291781,-1.3740774733314987
208,0.8248383437934514,0.8266336888906926,0.8266336888906926,-1.3733302030255545
209,0.8281997065412063,0.8257560354447069,0.8257560354447069,-1.3734676162460386
210,0.8447382794967931,0.8281434692067107,0.8281434692067107,-1.3869384262528366
211,0.8490567610776746,0.8400619713660606,0.8400619713660606,-1.3772143519224531
212,0.8299172103323189,0.8463062534321775,0.8463062534321775,-1.3865990765110963
213,0.8268198972375972,0.8341550552415118,0.8341550552415118,-1.3758592669717649
214,0.8169679243027607,0.8282209721880299,0.8282209721880299,-1.3795005941600533
215,0.811498655516658,0.8209021679733968,0.8209021679733968,-1.3775903421508473
216,0.8223765622079846,0.8152126706118796,0.8152126706118796,-1.3757351069646824
217,0.8168211809355258,0.8215157934047612,0.8215157934047612,-1.3742710091364603
218,0.8359138523317238,0.8199137154777545,0.8199137154777545,-1.3859692587919326
219,0.837044212853621,0.8317856557726774,0.8317856557726774,-1.3745516609533224
220,0.8395847201529603,0.836372835206807,0.836372835206807,-1.3736848500700114
221,0.8592790817005348,0.8383264522747372,0.8383264522747372,-1.3951196738173852
222,0.8483254391758687,0.8522267195869558,0.8522267195869558,-1.3739300392669418
223,0.8524052579305444,0.8487171149796977,0.8487171149796977,-1.3738491597459392
224,0.855423162767858,0.849300663227944,0.849300663227944,-1.3750432898554577
225,0.8457369158124388,0.8521688022682524,0.8521688022682524,-1.3752374979936692
226,0.8480532271790997,0.84618573530603,0.84618573530603,-1.3733434161194442
227,0.8316451959875001,0.8458235776442756,0.8458235776442756,-1.3832203651449047
228,0.845465009611925,0.8351293787073201,0.8351293787073201,-1.3785103031344563
229,0.8602277324917633,0.841245245733609,0.841245245733609,-1.3911857800008203
230,0.8571277897777363,0.8540478600167841,0.8540478600167841,-1.3736433381912652
231,0.8330088925484842,0.8548924435472134,0.8548924435472134,-1.3971135300403443
232,0.8566866444371238,0.8378716048885165,0.8378716048885165,-1.390869325485428
233,0.8363482343941318,0.8491486967269412,0.8491486967269412,-1.3813616316213289
234,0.8273604866403105,0.8400541282754345,0.8400541282754345,-1.3812254667226929
235,0.82125971458243,0.8298747777942375,0.8298747777942375,-1.376880005531817
236,0.8212381947247621,0.8239287032441145,0.8239287032441145,-1.3735309816292807
237,0.8088089022604658,0.8226939153293243,0.8226939153293243,-1.3828087192207639
238,0.8447275091289381,0.8142376924820692,0.8142376924820692,-1.4196504857826293
239,0.8268577808870103,0.8361764866597711,0.8361764866597711,-1.3775109536886094
240,0.8400544010432285,0.8312087928289548,0.8312087928289548,-1.3770812790586666
241,0.8434557729319523,0.8366085488867975,0.8366085488867975,-1.3755132636808725
242,0.8330948068577747,0.8415608058023734,0.8415608058023734,-1.3767526967311425
243,0.8259947210167923,0.8351956232496773,0.8351956232496773,-1.3774018699196007
244,0.845114744237133,0.8282953716629737,0.8282953716629737,-1.3873136045140642
245,0.8471268452847805,0.8398769702846088,0.8398769702846088,-1.375797074200551
246,0.8340570653425899,0.8450692036410774,0.8450692036410774,-1.3792323993198958
247,0.8337840488760513,0.8365841734899174,0.8365841734899174,-1.3735610747173042
248,0.8326562423437606,0.8337845663042329,0.8337845663042329,-1.373232695572634
249,0.8393404856400065,0.8329630545689675,0.8329630545689675,-1.375202621177938
250,0.8470525002646613,0.8372827787039566,0.8372827787039566,-1.37794141279333
251,0.8538931120945369,0.843863797307971,0.843863797307971,-1.3781983975790466
252,0.8598086599578936,0.8500578162772174,0.8500578162772174,-1.3779229874488943
253,0.8584258796672094,0.8554485111902751,0.8554485111902751,-1.3736122759770173
254,0.8725168791628815,0.8556913301652811,0.8556913301652811,-1.3873239947781777
255,0.8565833117775934,0.8649966537642013,0.8649966537642013,-1.3767082559938262
256,0.8777984751679743,0.8569800278413399,0.8569800278413399,-1.3948394272792377
257,0.875011209306375,0.8682196254697413,0.8682196254697413,-1.3754753203751464
258,0.885153507389209,0.8705673173619299,0.8705673173619299,-1.38380688680024
259,0.8746938868634333,0.8769066268859371,0.8769066268859371,-1.3734138507450047
260,0.864084730971815,0.8718225445449764,0.8718225445449764,-1.3761627277692952
261,0.8679023974901349,0.862516394433521,0.862516394433521,-1.374619491270938
262,0.8677564667570924,0.8629905764876548,0.8629905764876548,-1.3743047253276612
263,0.8685552725796095,0.8636548768928498,0.8636548768928498,-1.374369733718986
264,0.8662272018434309,0.864168878705553,0.864168878705553,-1.3733808745316414
265,0.8695478847587096,0.862745551769455,0.862745551769455,-1.3754826265294804
266,0.8695378815175693,0.8645380020046087,0.8645380020046087,-1.3744189795818513
267,0.8574989628354734,0.8651953363836891,0.8651953363836891,-1.3761307481143288
268,0.8433383175631315,0.8570068710316359,0.8570068710316359,-1.3825105075207134
269,0.8495549912734693,0.8449698485100242,0.8449698485100242,-1.374220216532704
270,0.8480885744353919,0.8463650575785855,0.8463650575785855,-1.37331756534243
271,0.8515665434033397,0.8466112288707605,0.8466112288707605,-1.3743967969304847
272,0.8338442581143313,0.8486829644013494,0.8486829644013494,-1.3841784000382649
273,0.8308606006937042,0.8373274041984132,0.8373274041984132,-1.3752600172030711
274,0.8337527033255371,0.8317540600945852,0.8317540600945852,-1.3733687685628768
275,0.8465725892784549,0.8331239584001061,0.8331239584001061,-1.382212323449749
276,0.8304419671212961,0.8424199013744568,0.8424199013744568,-1.3803425852732971
277,0.8353259409510873,0.8340150554981725,0.8340150554981725,-1.3732549608581783
278,0.8363033995144802,0.8341100332709986,0.8341100332709986,-1.3734095825985475
279,0.8386078295645084,0.835751499860064,0.835751499860064,-1.3735769707936698
280,0.8294078528535987,0.8375140040067618,0.8375140040067618,-1.3764545241505415
281,0.8235515317748703,0.8317189058533488,0.8317189058533488,-1.3765043397915353
282,0.8204118433571953,0.8258966121776317,0.8258966121776317,-1.3746731742753269
283,0.8232774079557933,0.8225903598378669,0.8225903598378669,-1.3731926415804625
284,0.828777254456542,0.8239110060813786,0.8239110060813786,-1.3743530584870842
285,0.8489064572724978,0.8282240146216073,0.8282240146216073,-1.394557211525014
286,0.8270273402176609,0.8430118418366069,0.8430118418366069,-1.3859442544249496
287,0.8420716682476366,0.8321598828025091,0.8321598828025091,-1.3780812143601573
288,0.8484468930094268,0.838014202451925,0.838014202451925,-1.3786110914380745
289,0.8443502822638521,0.8453582208959376,0.8453582208959376,-1.3732198368389477
290,0.8343700664306576,0.8438475705413049,0.8438475705413049,-1.377660194033012
291,0.8327755943064121,0.8362417016256176,0.8362417016256176,-1.3737697348220577
292,0.8297987861239298,0.8331614174144918,0.8331614174144918,-1.3737344042844586
293,0.8366000213332736,0.8308182934255548,0.8308182934255548,-1.37484045870459
294,0.8372889139820849,0.834847771731412,0.834847771731412,-1.3734669985990462
295,0.843839306012991,0.8366764657744725,0.8366764657744725,-1.375734353838772
296,0.8404687567278419,0.8412685108852509,0.8412685108852509,-1.3732010201602598
297,0.8461445173087419,0.8402866157775308,0.8402866157775308,-1.3748847903421135
298,0.8424964514306497,0.8434720231155128,0.8434720231155128,-1.3732166268302606
299,0.8600518431621278,0.8421264904345902,0.8421264904345902,-1.3892349533449773
300,0.8462858961939587,0.853334543636377,0.853334543636377,-1.3756532113630207
301,0.8548143541306041,0.8474847780443174,0.8474847780443174,-1.3758551741048786
302,0.8730859585873932,0.8505309400476027,0.8505309400476027,-1.39860548289116
303,0.8588483756778429,0.8646613226655483,0.8646613226655483,-1.3748585574587389
304,0.8593401937051379,0.8586340871784118,0.8586340871784118,-1.3731939691459996
305,0.8638130472377222,0.8561210068550624,0.8561210068550624,-1.3761274140870687
306,0.8601646487235053,0.8592609108626788,0.8592609108626788,-1.3732098769306997
307,0.8672147369659666,0.8576745705795281,0.8576745705795281,-1.3777197785586919
308,0.8647004756275328,0.8617389508815584,0.8617389508815584,-1.373607571265696
309,0.8751097427035208,0.8614392708199158,0.8614392708199158,-1.382513129900667
310,0.8658522011073705,0.8680147201639008,0.8680147201639008,-1.373402864258138
311,0.8465188579154809,0.8638014452937162,0.8638014452937162,-1.3881034311489622
312,0.856696529339538,0.8488032636040012,0.8488032636040012,-1.3762842220232352
313,0.8482554531341465,0.8518574115339821,0.8518574115339821,-1.3738177450403526
314,0.8486243794518011,0.8481530139991272,0.8481530139991272,-1.373180149094144
315,0.8530270195627443,0.8467156686540541,0.8467156686540541,-1.3751606973392765
316,0.8303866028923398,0.8497832491930264,0.8497832491930264,-1.3919805342103422
317,0.8316755289328748,0.83526829387934,0.83526829387934,-1.3738144378226727
318,0.8374915250516193,0.8316166802528229,0.8316166802528229,-1.3748947298951424
319,0.8130229604040206,0.8358293428216761,0.8358293428216761,-1.3991755937736625
320,0.8091852474035234,0.8203539180850579,0.8203539180850579,-1.3794060000642736
321,0.8046857005327839,0.8128505603152001,0.8128505603152001,-1.376502286587971
322,0.8041700605804963,0.8090233258429977,0.8090233258429977,-1.3743467490100554
323,0.8144229710260226,0.8077727813012944,0.8077727813012944,-1.3753802909933892
324,0.8013585046280932,0.8146416324137947,0.8146416324137947,-1.381991114013209
325,0.8065467874976943,0.8078083773523079,0.8078083773523079,-1.3732486202727083
326,0.8150526589482178,0.8087235164240508,0.8087235164240508,-1.3751719420792061
327,0.8202449556625427,0.815545165584327,0.815545165584327,-1.37427344116361
328,0.8214122590927031,0.8207771016401726,0.8207771016401726,-1.3731892110741204
329,0.8281717813107219,0.8226093273155467,0.8226093273155467,-1.3747160845470672
330,0.843195070835263,0.8274392631098316,0.8274392631098316,-1.3855813136786834
331,0.8402633356460133,0.8390070044301233,0.8390070044301233,-1.373247958230846
332,0.8562740640118023,0.8400180824063417,0.8400180824063417,-1.3863818867224988
333,0.8683169155463649,0.8503190306572282,0.8503190306572282,-1.389365232848776
334,0.8568966511801377,0.8617103153738886,0.8617103153738886,-1.3743276079731552
335,0.8524277317179,0.8563531059117667,0.8563531059117667,-1.373939467952739
336,0.8571042830964951,0.8510301878041996,0.8510301878041996,-1.3750137715056396
337,0.8458007963955648,0.8533164588491967,0.8533164588491967,-1.3759932989304917
338,0.8300117062130085,0.8465653981682831,0.8465653981682831,-1.3868702756921516
339,0.8362854834229926,0.8335681195039588,0.8335681195039588,-1.3735382431580685
340,0.8390308266385031,0.8346764699702367,0.8346764699702367,-1.3741170609243691
341,0.8397701381471094,0.8377980587987807,0.8377980587987807,-1.3733634946724504
342,0.829229829784381,0.8388498592677351,0.8388498592677351,-1.3777962881876753
343,0.8279083083182117,0.831830311882801,0.831830311882801,-1.3739381454226778
344,0.8391268150092547,0.8288236156132602,0.8288236156132602,-1.3784768357143262
345,0.837987726599107,0.8361878958699356,0.8361878958699356,-1.3733310093573288
346,0.8357243288656395,0.8376570170892438,0.8376570170892438,-1.3733558040131282
347,0.8301494988710376,0.8358900889484563,0.8358900889484563,-1.3748167585464932
348,0.8280147159465817,0.8316465250054336,0.8316465250054336,-1.3738285416766431
349,0.8293773187766017,0.8290799066178831,0.8290799066178831,-1.3731734625242529
350,0.8326206278246968,0.8295795199574056,0.8295795199574056,-1.3736314566776702
351,0.8250364709715782,0.8320574906761142,0.8320574906761142,-1.3756337757092194
352,0.8175910862321976,0.8275489258256126,0.8275489258256126,-1.3781269682930544
353,0.8214075290880021,0.82096923283221,0.82096923283221,-1.3731786450050374
354,0.8237057469752183,0.822075337026281,0.822075337026281,-1.373301951654725
355,0.8247431664270127,0.8244014137607488,0.8244014137607488,-1.37317487956889
356,0.819408986093355,0.8255665025654124,0.8255665025654124,-1.375064790279828
357,0.8055468595821703,0.822146743828884,0.822146743828884,-1.3869468476748599
358,0.8099364223896096,0.8116536617345469,0.8116536617345469,-1.3733164853730353
359,0.8205236569896488,0.8118661391413686,0.8118661391413686,-1.3769166705893097
360,0.8380507589737473,0.8199433712308831,0.8199433712308831,-1.3895629143681665
361,0.8391462152274951,0.833979247500078,0.833979247500078,-1.3745039175994538
362,0.8415903108224514,0.8382295781494462,0.8382295781494462,-1.3737337660296154
363,0.8447387741869498,0.840110654404766,0.840110654404766,-1.3742400144605573
364,0.8438207272913687,0.8427404286116162,0.8427404286116162,-1.373227392086519
365,0.8346211627416416,0.8427458493955207,0.8427458493955207,-1.3764695664858313
366,0.8302109232635668,0.8363065361225901,0.8363065361225901,-1.3750268646309998
367,0.8199890290808102,0.8314676603675538,0.8314676603675538,-1.3797569886354957
368,0.8221774447696523,0.8236347244276643,0.8236347244276643,-1.373275223024728
369,0.8249187067134099,0.8230784682595257,0.8230784682595257,-1.373338363703003
370,0.8337857381275405,0.8253802095190492,0.8253802095190492,-1.3767016853840535
371,0.8278719555955059,0.8319580432694096,0.8319580432694096,-1.3740038454485866
372,0.8201236939287643,0.8297100774304522,0.8297100774304522,-1.377763977256717
373,0.8265266605127909,0.823258502990661,0.823258502990661,-1.3737030825041179
374,0.8116991240975412,0.8260628679344507,0.8260628679344507,-1.383484896675263
375,0.8068310231451454,0.8172607364888862,0.8172607364888862,-1.3786079858462754
376,0.7949324904838413,0.8109849205582073,0.8109849205582073,-1.3860530653892658
377,0.8025105902539273,0.8019202981580412,0.8019202981580412,-1.3731864620625684
378,0.8079645945110133,0.8046936994694389,0.8046936994694389,-1.373703977543295
379,0.7998319572866499,0.8099180423182746,0.8099180423182746,-1.3782554953879034
380,0.8031428002022871,0.8054786498571246,0.8054786498571246,-1.3734418495051455
381,0.8125826363557098,0.8061034955948853,0.8061034955948853,-1.375268003074574
382,0.8155113791856304,0.8131847527623401,0.8131847527623401,-1.3734396993503228
383,0.8142832928561137,0.8170642651173707,0.8170642651173707,-1.3735557301605392
384,0.8174465892083589,0.8168149149792835,0.8168149149792835,-1.373188990441229
385,0.8170143739286274,0.8187203392329069,0.8187203392329069,-1.3733145557056154
386,0.8062309635473173,0.8190590921131384,0.8190590921131384,-1.3813970839497072
387,0.8167089067407964,0.8116399299979012,0.8116399299979012,-1.3744537660856457
388,0.8243682739235355,0.8166082492932051,0.8166082492932051,-1.376179938937812
389,0.8264424042088724,0.8239122076161636,0.8239122076161636,-1.373489134564533
390,0.8303692769394425,0.8268544896467404,0.8268544896467404,-1.3737867263102923
391,0.8338915544817656,0.8299395891605954,0.8299395891605954,-1.3739499413196319
392,0.8365442770005194,0.8331201124354891,0.8331201124354891,-1.3737552849730656
393,0.8310835204953679,0.8356284192567064,0.8356284192567064,-1.374201845062186
394,0.8364496098708201,0.8324456493369541,0.8324456493369541,-1.373970624822483
395,0.8399550977023843,0.8350024388112313,0.8350024388112313,-1.3743954813292512
396,0.8522282461151321,0.8384593884117855,0.8384593884117855,-1.3826481119473957
397,0.8305986697220447,0.8475062268987668,0.8475062268987668,-1.3874623143088516
398,0.8199335739019,0.8352527446340169,0.8352527446340169,-1.3849028894206326
399,0.8302306664068283,0.823674564197701,0.823674564197701,-1.3753181636334715
400,0.8398715842421309,0.8285435679370233,0.8285435679370233,-1.3795852374950843
401,0.8403207479939097,0.8371588105660147,0.8371588105660147,-1.3736689322395415
402,0.8274177372348117,0.8393924254842848,0.8393924254842848,-1.3803386977582488
403,0.8249848245716993,0.8307082109184539,0.8307082109184539,-1.374806897388356
404,0.836610098175571,0.8264732281557179,0.8264732281557179,-1.378306846514615
405,0.8462140037615523,0.8338918316737282,0.8338918316737282,-1.3807608360727428
406,0.8498245785601366,0.8427475421929699,0.8427475421929699,-1.3756732620117553
407,0.832403730625133,0.8471235141732034,0.8471235141732034,-1.3840026412097475
408,0.8405252568309929,0.8359994525371178,0.8359994525371178,-1.374193185049968
409,0.8186065329914871,0.8380379207701018,0.8380379207701018,-1.39204798137479
410,0.8270195292168823,0.8247574938004099,0.8247574938004099,-1.373424880035914
411,0.8248920719183654,0.8260945864657775,0.8260945864657775,-1.3732413418864822
412,0.8339161042772063,0.826330514747865,0.826330514747865,-1.3760460982500278
413,0.8307625961220746,0.8320413652921734,0.8320413652921734,-1.373250802354165
414,0.8213440075861254,0.831701786218452,0.831701786218452,-1.3785332187344594
415,0.8216591282472752,0.8246664443829802,0.8246664443829802,-1.3736212373416488
416,0.821770553766527,0.8229970087253723,0.8229970087253723,-1.373244249412949
417,0.808167589049169,0.8231358022106934,0.8231358022106934,-1.3843714100870868
418,0.816987054219423,0.8139080713067404,0.8139080713067404,-1.3736430466134748
419,0.8083634675676216,0.8171847146790414,0.8171847146790414,-1.3770597598546819
420,0.824230795972451,0.8130845687898673,0.8130845687898673,-1.3793809588449335
421,0.8270126803570232,0.8221496347747911,0.8221496347747911,-1.3743515004413887
422,0.8222195996765039,0.827214781837266,0.827214781837266,-1.374416632065605
423,0.8133634375110224,0.8245118638514274,0.8245118638514274,-1.3793834103180171
424,0.800710263585929,0.817531057442796,0.817531057442796,-1.387315995123406
425,0.8160993240147779,0.8071556667406363,0.8071556667406363,-1.3771684900965104
426,0.8282582817508909,0.8150895930472348,0.8150895930472348,-1.3818397579333352
427,0.8291031561049794,0.8264354963935614,0.8264354963935614,-1.3735248602414414
428,0.8235428395435201,0.8294418025015643,0.8294418025015643,-1.3749089280236642
429,0.8305926751861902,0.8258297621105897,0.8258297621105897,-1.3743033068729316
430,0.8300494587012773,0.8295115870353134,0.8295115870353134,-1.3731835051210977
431,0.8332858843029741,0.8305521669541067,0.8305521669541067,-1.3735427003518201
432,0.849902476320388,0.8326442930662779,0.8326442930662779,-1.3880612842862676
433,0.842559357802749,0.8445908607584587,0.8445908607584587,-1.373375390037598
434,0.8440939304755091,0.842920858569947,0.842920858569947,-1.3732378447094262
435,0.8307508066590533,0.8424957442838961,0.8424957442838961,-1.3800662178152177
436,0.8265076414650517,0.8337293346232582,0.8337293346232582,-1.3757766824282094
437,0.8384524721123767,0.8281753575280458,0.8281753575280458,-1.3784499940336186
438,0.8299546525303529,0.8354492093294266,0.8354492093294266,-1.3746785475455576
439,0.8136083764254843,0.8320596581431154,0.8320596581431154,-1.3901915296758147
440,0.8248713768372403,0.8192446264754,0.8192446264754,-1.3747520558063688
441,0.8293982737673345,0.8236342115344204,0.8236342115344204,-1.3748302604958906
442,0.8341466676457467,0.8289651015292356,0.8289651015292356,-1.374511471195634
443,0.8413721426233818,0.8330993887525747,0.8330993887525747,-1.3765909626549928
444,0.832276339110333,0.838962390513049,0.838962390513049,-1.3754042039926333
445,0.8378008905234523,0.8342223391197029,0.8342223391197029,-1.373809341332109
446,0.8336344046912153,0.8361598733780142,0.8361598733780142,-1.3734879394290453
447,0.8388097630718676,0.834431573294717,0.834431573294717,-1.3741274671108825
448,0.8283628318710845,0.837117519827113,0.837117519827113,-1.3770012678850168
449,0.8337176828049417,0.831048678286711,0.831048678286711,-1.373525219080562
450,0.8305290523310154,0.8326005906815774,0.8326005906815774,-1.3733836033815376
451,0.8509243207547442,0.8315032921460789,0.8315032921460789,-1.3920278574355751
452,0.8435555378952536,0.8447343485794292,0.8447343485794292,-1.3732385195561017
453,0.8480148733117058,0.8438026299197213,0.8438026299197213,-1.374056189544311
454,0.849959641370113,0.8453612214310107,0.8453612214310107,-1.374226313121462
455,0.8425580812979536,0.8475755307940182,0.8475755307940182,-1.374427779796923
456,0.8547725444181041,0.8429314235566311,0.8429314235566311,-1.3801796469874459
457,0.8538348088235245,0.8497569464639015,0.8497569464639015,-1.3740004878958467
458,0.8618417590449771,0.8515621788836175,0.8515621788836175,-1.378452528239336
459,0.8500449654244979,0.8568193579152894,0.8568193579152894,-1.3754636595056098
460,0.8423103557057248,0.8503989282976541,0.8503989282976541,-1.3764402901533908
461,0.8482049121755958,0.8427800349647925,0.8427800349647925,-1.3746405044622598
462,0.8520896188818021,0.8452414114205502,0.8452414114205502,-1.3755139370962626
463,0.8552285077070909,0.8490619232747446,0.8490619232747446,-1.375070378002708
464,0.8617837976635645,0.8519733090171823,0.8519733090171823,-1.377981324198685
465,0.8577873351009023,0.8570586839526422,0.8570586839526422,-1.3731955864494383
466,0.8545690510116826,0.8556521474013266,0.8556521474013266,-1.3732276947141082
467,0.8421788250010301,0.8526644217081246,0.8526644217081246,-1.3786664267398367
468,0.8445195996517777,0.843595411203037,0.843595411203037,-1.3732117460390845
469,0.848355901730562,0.8427090927634149,0.8427090927634149,-1.3747633624002178
470,0.8583253937524381,0.8457859331071378,0.8457859331071378,-1.381030943488397
471,0.8460556918147032,0.8533324480977704,0.8533324480977704,-1.3758165989248032
472,0.8518042391832321,0.8469829491844858,0.8469829491844858,-1.3743312816872457
473,0.8558719925088444,0.8484380210075385,0.8484380210075385,-1.3759322364387565
474,0.8633229545791289,0.8523538027426607,0.8523538027426607,-1.3791851544252198
475,0.8569096807973666,0.8582340076155766,0.8582340076155766,-1.3732567319007167
476,0.8445552200115873,0.8553631738580352,0.8553631738580352,-1.3790096331419925
477,0.8414938517002031,0.8456794857673527,0.8456794857673527,-1.3740450164518494
478,0.8332189544807458,0.8411268631584556,0.8411268631584556,-1.3762957908073952
479,0.8347117168798858,0.8348876593869478,0.8348876593869478,-1.3731705876129348
480,0.8178411271465743,0.8342477583744715,0.8342477583744715,-1.386627917237056
481,0.8164781457177452,0.8230743098356478,0.8230743098356478,-1.3753445088781604
482,0.8128613519764853,0.8187733645173817,0.8187733645173817,-1.374916634438831
483,0.8237289685108099,0.8160413484875592,0.8160413484875592,-1.3761240149057394
484,0.8324994467990093,0.8227079689826479,0.8227079689826479,-1.3779626917160601
485,0.836086687338081,0.8308454175254884,0.8308454175254884,-1.374542585287065
486,0.8284654022950269,0.835038836749697,0.835038836749697,-1.3753295418511375
487,0.8247489362094277,0.8305738110282345,0.8305738110282345,-1.3748654981573838
488,0.8093898906100285,0.8265223570814163,0.8265223570814163,-1.3878451101943066
489,0.8285691363950938,0.815334912856705,0.815334912856705,-1.3819262734578475
490,0.8068622444038109,0.8253049908706696,0.8253049908706696,-1.3901757846866865
491,0.8226729945613825,0.8143801534736103,0.8143801534736103,-1.3766076004899974
492,0.8093544354863348,0.8207900851825023,0.8207900851825023,-1.379707744023318
493,0.8154254598194562,0.8148956150429842,0.8148956150429842,-1.373183076599003
494,0.8140447918364611,0.8163601997744973,0.8163601997744973,-1.3734370955206212
495,0.824511485324551,0.8166355504126849,0.8166355504126849,-1.3762705573614429
496,0.8374584722384257,0.8234767683879869,0.8234767683879869,-1.382943441952714
497,0.8318218115986535,0.8343740581870398,0.8343740581870398,-1.3734947379570417
498,0.8464290920271805,0.8331305263347696,0.8331305263347696,-1.3820116322984137
499,0.8276289817507941,0.8419361448982136,0.8419361448982136,-1.383403785690989
500,0.8186031627315079,0.8320735259959762,0.8320735259959762,-1.382241574148482
501,0.8286798418494814,0.8221759470075842,0.8221759470075842,-1.375284072230368
502,0.8326681120594532,0.827222925003949,0.827222925003949,-1.3746515429281168
503,0.8334702213462537,0.8319502845703245,0.8319502845703245,-1.3732845502147863
504,0.8168463513873759,0.8332933729273433,0.8332933729273433,-1.3866942657014527
505,0.8298790634720742,0.8221495632126664,0.8221495632126664,-1.3761562985376545
506,0.8398959504336364,0.8276870334384857,0.8276870334384857,-1.3806219225343692
507,0.8386323704529762,0.8371050589892877,0.8371050589892877,-1.373285673840001
508,0.8365412189385252,0.8382492019947512,0.8382492019947512,-1.373314900130663
509,0.8261609886733081,0.8365745029687924,0.8365745029687924,-1.378591103823758
510,0.8269722233949557,0.8290977160855546,0.8290977160855546,-1.3733949257835347
511,0.8379385819050967,0.8275733096432315,0.8275733096432315,-1.3785409832777749
512,0.8360651365985478,0.835192680374457,0.835192680374457,-1.373207098817793
513,0.8360071613235425,0.8361120092680319,0.8361120092680319,-1.3731695894792184
514,0.8413389417017655,0.8356978970197184,0.8356978970197184,-1.3747601090798878
515,0.831644416654669,0.8393119126219091,0.8393119126219091,-1.3761085645450273
516,0.8298952598822443,0.8337859916655281,0.8337859916655281,-1.373925929515118
517,0.8182018764283454,0.8306576600508601,0.8306576600508601,-1.3809263671071905
518,0.8064526035592812,0.8223563279477237,0.8223563279477237,-1.3858154622958223
519,0.8084698881680151,0.8120281457059804,0.8120281457059804,-1.3738020996599696
520,0.8198012629948142,0.8110500446661065,0.8110500446661065,-1.3769982309364805
521,0.8150022398308587,0.8191588364700767,0.8191588364700767,-1.3740329046057032
522,0.8270610696666495,0.8181617756839469,0.8181617756839469,-1.3771289114941736
523,0.816994454175172,0.8254019753394934,0.8254019753394934,-1.3767033604310708
524,0.8198875798420531,0.820968442772447,0.820968442772447,-1.3732274530583601
525,0.8135029897251599,0.8209224451276306,0.8209224451276306,-1.3759214557481079
526,0.8216800340446688,0.8171595489815193,0.8171595489815193,-1.374190779084953
527,0.8271247449086332,0.8214430210954069,0.8214430210954069,-1.3747831390991343
528,0.8213629596803697,0.8267808333468044,0.8267808333468044,-1.3746367075779176
529,0.815381169032209,0.823951761564378,0.823951761564378,-1.3768417926422687
530,0.7898193154284046,0.8187317868779761,0.8187317868779761,-1.4149655900907596
531,0.7853992815360237,0.800153368297757,0.800153368297757,-1.384053193633283
532,0.8007032038343693,0.7920353745301771,0.7920353745301771,-1.3769256030669759
533,0.8217043134240544,0.8015580349145759,0.8015580349145759,-1.3934626667137189
534,0.8230101744066683,0.8188995738952309,0.8188995738952309,-1.3740138916528768
535,0.8243650753255114,0.8239877812813454,0.8239877812813454,-1.3731761573644334
536,0.830522104686029,0.8251702861026814,0.8251702861026814,-1.3746011379320986
537,0.8130462323037193,0.8296280462516021,0.8296280462516021,-1.3869168675147554
538,0.8295457807613507,0.818975858903735,0.818975858903735,-1.3787552022284502
539,0.8285298351831403,0.8267003773784624,0.8267003773784624,-1.3733363856176
540,0.8209134390041475,0.8293094440768055,0.8293094440768055,-1.3766936848836502
541,0.8239661100374309,0.8239271055594484,0.8239271055594484,-1.3731691158921104
542,0.8251282927871341,0.8244796426262826,0.8244796426262826,-1.3731900771762038
543,0.826893286918859,0.8258804611027374,0.8258804611027374,-1.3732203306313353
544,0.8368570213686378,0.827313093662251,0.827313093662251,-1.3777233676278822
545,0.8356879166259186,0.8344414319144455,0.8344414319144455,-1.373246726031442
546,0.8368205367337415,0.8356391875793523,0.8356391875793523,-1.373238819115874
547,0.8506360433094143,0.836175548304128,0.836175548304128,-1.3836243356145408
548,0.8230891538249117,0.8457966167971501,0.8457966167971501,-1.3989504835564244
549,0.8337674452430924,0.8298278332628228,0.8298278332628228,-1.3739450669523994
550,0.8172249979366524,0.8315796935302853,0.8315796935302853,-1.3834719041039385
551,0.8247160211593098,0.8224664876455421,0.8224664876455421,-1.3734220598761233
552,0.8398897299330855,0.8242518939756612,0.8242518939756612,-1.3853961354962108
553,0.8190940449594721,0.8360682205863601,0.8360682205863601,-1.3875751717352671
554,0.8260717366240906,0.8249618965590583,0.8249618965590583,-1.3732306270731427
555,0.8178130284766344,0.8255475898962761,0.8255475898962761,-1.3761602118423557
556,0.8296474191826784,0.8213272066889296,0.8213272066889296,-1.3766303366217019
557,0.830884313711866,0.8277228507395482,0.8277228507395482,-1.373668782230912
558,0.818879166664421,0.8309308171606046,0.8309308171606046,-1.3804311538087535
559,0.8291373096135505,0.8230146960741795,0.8230146960741795,-1.3750433596522695
560,0.8355916595013877,0.8275892038700986,0.8275892038700986,-1.3763710046311828
561,0.8245319610591083,0.8340297903836538,0.8340297903836538,-1.377679477918555
562,0.8219340277220093,0.8278000654204712,0.8278000654204712,-1.3748895597386341
563,0.8378232913135405,0.823821531062788,0.823821531062788,-1.3829715043306228
564,0.8306076736174871,0.8341066436376094,0.8341066436376094,-1.373781179384731
565,0.8413099799051175,0.8323778763225994,0.8323778763225994,-1.377158163545087
566,0.8531833636680687,0.8382123210589774,0.8382123210589774,-1.3843756456648066
567,0.8578004047020237,0.8484266832753102,0.8484266832753102,-1.3775623724939265
568,0.8679813390320436,0.85394094793099,0.85394094793099,-1.3830256689381724
569,0.8573017217072252,0.8617873914821944,0.8617873914821944,-1.3741751014911487
570,0.8654839804283718,0.8565614385673219,0.8565614385673219,-1.3771496274877546
571,0.8751875155663865,0.8599894510327379,0.8599894510327379,-1.3847180981030927
572,0.8798164828288844,0.8682243066708173,0.8682243066708173,-1.3798879672286282
573,0.8914577079129998,0.8733127114369187,0.8733127114369187,-1.3896310846804951
574,0.8651405077178494,0.8821545379466168,0.8821545379466168,-1.3876429010559157
575,0.8746041325801398,0.8665870868307377,0.8665870868307377,-1.3763826909520456
576,0.8696456275517997,0.867758911698065,0.867758911698065,-1.373347024660282
577,0.8686794063585607,0.8662798532512519,0.8662798532512519,-1.373456932580385
578,0.8762676280352482,0.8646311218341812,0.8646311218341812,-1.3799394536530187
579,0.8697109584525302,0.869597868335681,0.869597868335681,-1.3731696792933716
580,0.8728895959517824,0.8666569773547702,0.8666569773547702,-1.3751113165534363
581,0.8586924915929968,0.8675071169377181,0.8675071169377181,-1.3770539208230355
582,0.8602717982621251,0.8584888134735944,0.8584888134735944,-1.3733279915624519
583,0.8624582945382054,0.8567233211368445,0.8567233211368445,-1.374813535820361
584,0.858936447095574,0.8585259999384047,0.8585259999384047,-1.3731774631680866
585,0.8520603601152322,0.8565684429326315,0.8565684429326315,-1.3741851803590717
586,0.8611375935406586,0.8511883342974729,0.8511883342974729,-1.378118427799051
587,0.8718253549642041,0.8559856356306943,0.8559856356306943,-1.3857138752528635
588,0.8697364947370517,0.8650687600837905,0.8650687600837905,-1.374258427164308
589,0.8539310979528055,0.8657858874140361,0.8657858874140361,-1.3801958414831503
590,0.854889250416032,0.8546204455553181,0.8546204455553181,-1.3731726526273025
591,0.8511043166024074,0.8521109098734629,0.8521109098734629,-1.373219701325312
592,0.824385942257644,0.8497287853728435,0.8497287853728435,-1.4052820246827258
593,0.8279425742228184,0.8308033040556795,0.8308033040556795,-1.3735782285834763
594,0.8341960923752869,0.8278781389230454,0.8278781389230454,-1.3751648666158798
595,0.8399049985533924,0.8328418576597588,0.8328418576597588,-1.375663437788811
596,0.8177856565214963,0.8379746174913643,0.8379746174913643,-1.393548747076788
597,0.8213484067516117,0.824075246145296,0.824075246145296,-1.3735408224785928
598,0.830266971104322,0.8220740478953953,0.8220740478953953,-1.3765252393600138
599,0.8225208630912628,0.8288512217012614,0.8288512217012614,-1.3751727118312043
600,0.832209791401952,0.8253675811229232,0.8253675811229232,-1.3755098318997676
601,0.8200454368056674,0.83040683077158,0.83040683077158,-1.3785369640704876
602,0.8335572553383745,0.8240728553082443,0.8240728553082443,-1.377666732021222
603,0.8449193053407545,0.8308280209912282,0.8308280209912282,-1.3830972545556055
604,0.8493932784687942,0.8412565786993881,0.8412565786993881,-1.376479333981518
605,0.8447892796812323,0.846571290426931,0.846571290426931,-1.3733278179395345
606,0.8438831601583365,0.8443353658769969,0.8443353658769969,-1.3731792643252447
607,0.8364025459083012,0.8427984048439153,0.8427984048439153,-1.375214390400859
608,0.8331473223530448,0.8375303632493122,0.8375303632493122,-1.3741295921995629
609,0.8400516930565859,0.8338206883817307,0.8338206883817307,-1.3751103107875486
610,0.8386872197283348,0.8378646157490874,0.8378646157490874,-1.3732028736899788
611,0.8398242567913599,0.8383176480265849,0.8383176480265849,-1.37328253332315
612,0.8474795479276694,0.8388179385637917,0.8388179385637917,-1.376920213663266
613,0.8500707555719942,0.8442509439490873,0.8442509439490873,-1.3748625501909513
614,0.8498412890496463,0.84754402337449,0.84754402337449,-1.3734329113037578
615,0.8577686641862576,0.8479062276681584,0.8479062276681584,-1.378032422528322
616,0.853910945666367,0.8532509494565845,0.8532509494565845,-1.3731908195744915
617,0.8393210673110638,0.8522131758903811,0.8522131758903811,-1.3814793630056905
618,0.8406041114397846,0.8415205149047968,0.8415205149047968,-1.3732110295901796
619,0.8582240027492795,0.8394750092412664,0.8394750092412664,-1.390745277702821
620,0.8494198679075213,0.851713144157467,0.851713144157467,-1.3734319956225736
621,0.837483512376154,0.8492503107269704,0.8492503107269704,-1.380091916996084
622,0.8413014050363127,0.839372761997289,0.839372761997289,-1.3733550230232439
623,0.8351175631998492,0.8395816578999236,0.8395816578999236,-1.3741654468992068
624,0.8445763159540949,0.83614022398316,0.83614022398316,-1.3767274222117487
625,0.8533630451565174,0.8413354074887545,0.8413354074887545,-1.3804022432179948
626,0.8483224811498409,0.8492021338972509,0.8492021338972509,-1.3732077292724465
627,0.8574259718497488,0.8475318962131954,0.8475318962131954,-1.3780636764597372
628,0.8493432740800241,0.8527141570877974,0.8527141570877974,-1.37373718243725
629,0.8439793221939008,0.8490386207443662,0.8490386207443662,-1.3744488649157822
630,0.8293067035870304,0.8437745939078574,0.8437745939078574,-1.383635032341419
631,0.8281743772399395,0.8327244228779609,0.8327244228779609,-1.374204185590049
632,0.8431564146478286,0.829019917240565,0.829019917240565,-1.3831610677719237
633,0.8417817949731046,0.8389812374085114,0.8389812374085114,-1.3735611959582752
634,0.8345151795602759,0.841042903511277,0.841042903511277,-1.375299598823669
635,0.8297700057980361,0.8358266810956085,0.8358266810956085,-1.3750032056076564
636,0.8263898649659076,0.8311466398547197,0.8311466398547197,-1.374300385191787
637,0.8366136222639083,0.8278991093364245,0.8278991093364245,-1.3769661766028094
638,0.8343086722910581,0.8341752361326392,0.8341752361326392,-1.373169930085064
639,0.8365296559303479,0.8346526216107012,0.8346526216107012,-1.3733452027165018
640,0.8373579616666138,0.8357019004908482,0.8357019004908482,-1.373306166755539
641,0.8355909457504116,0.836709345119367,0.836709345119367,-1.3732315806820692
642,0.8192515460275485,0.8356734354436027,0.8356734354436027,-1.386652962424301
643,0.8378565649998797,0.8242092404488154,0.8242092404488154,-1.3824815131947494
644,0.8177361235846824,0.8335927734054279,0.8335927734054279,-1.3857407070015326
645,0.7973272123972018,0.82363187703756,0.82363187703756,-1.4077658089167306
646,0.8012543002065818,0.8057297291470338,0.8057297291470338,-1.374170513034697
647,0.8115652629349114,0.8043183666199161,0.8043183666199161,-1.3757949151346598
648,0.8117981209392164,0.8121152388370562,0.8121152388370562,-1.3731740680127018
649,0.811702648010116,0.8143357748256494,0.8143357748256494,-1.3735157076659792
650,0.8127698966658131,0.8143174248347222,0.8143174248347222,-1.3732887819963235
651,0.8189196388483013,0.8150240593347762,0.8150240593347762,-1.373927816811955
652,0.8233898122315955,0.8194193337500076,0.8194193337500076,-1.373957274793283
653,0.8315065457234586,0.8236890000871453,0.8236890000871453,-1.3762247408134374
654,0.822536299159068,0.830102413538271,0.830102413538271,-1.3760313441646044
655,0.8161578886199309,0.825625992572858,0.825625992572858,-1.3776512894478168
656,0.8277481439003808,0.8194946240933667,0.8194946240933667,-1.376575069284884
657,0.8229805827529353,0.8261003155762452,0.8261003155762452,-1.373655676469087
658,0.8181638904603691,0.8251764250520722,0.8251764250520722,-1.375627821894637
659,0.8094508535000482,0.8209475620636381,0.8209475620636381,-1.3797777552144512
660,0.8036944519236727,0.8140593584721066,0.8140593584721066,-1.3785406042125337
661,0.8046020776938364,0.8084023980081071,0.8084023980081071,-1.3738911615491982
662,0.8135526097829212,0.8078683032165433,0.8078683032165433,-1.3747846068816736
663,0.8031655515003674,0.8141361901911538,0.8141361901911538,-1.3791867854888342
664,0.8241116816201957,0.8088630969768341,0.8088630969768341,-1.3847950065059333
665,0.8359207644938556,0.8210290538018066,0.8210290538018066,-1.3842571921914295
666,0.8457071301821869,0.833248456179861,0.833248456179861,-1.3809299677194569
667,0.8433104280982138,0.8422650014226583,0.8422650014226583,-1.3732236856713433
668,0.8383326169400117,0.8425925171432228,0.8425925171432228,-1.374076377311711
669,0.8492376058708819,0.8387282651388508,0.8387282651388508,-1.3786913519557416
670,0.8453678498234701,0.8451480953802021,0.8451480953802021,-1.373171454425412
671,0.8475182781095769,0.8446976590541362,0.8446976590541362,-1.373566834417441
672,0.8560474931397718,0.8453859990792063,0.8453859990792063,-1.378852412604819
673,0.8338529807389365,0.8516159509569603,0.8516159509569603,-1.3889451953729652
674,0.8498167525761036,0.8382295255304313,0.8382295255304313,-1.3798822313550432
675,0.8395394987102298,0.8446459878995378,0.8446459878995378,-1.3744728514166713
676,0.8236433207024262,0.840850209638177,0.840850209638177,-1.3879728911670084
677,0.8252930709066315,0.8279853578196958,0.8279853578196958,-1.373531460265758
678,0.8167130506652417,0.8259279523569947,0.8259279523569947,-1.3774147604840787
679,0.811673387409787,0.8204234886336907,0.8204234886336907,-1.3769972533960733
680,0.8056945658445357,0.8152805135717035,0.8152805135717035,-1.377763559516045
681,0.8163620323227487,0.8102069822562418,0.8102069822562418,-1.3750632718907057
682,0.8088142347606504,0.8162650951483763,0.8162650951483763,-1.3759448058505144
683,0.8075464427095581,0.8132660861017921,0.8132660861017921,-1.3748047558513614
684,0.8123393642857335,0.8108944279946296,0.8108944279946296,-1.3732734318689126
685,0.8001841485799226,0.8139000562562104,0.8139000562562104,-1.3825753459938679
686,0.8154759134364233,0.8065930938914941,0.8065930938914941,-1.377114263978034
687,0.7881002285065525,0.8145604508527525,0.8145604508527525,-1.4081762081551625
688,0.7951171596690978,0.7990033380717404,0.7990033380717404,-1.3739241589535036
689,0.7922791531897512,0.798299714276297,0.798299714276297,-1.3749813976144867
690,0.8048786332183907,0.7977732561028504,0.7977732561028504,-1.3756933590223475
691,0.8098419501342887,0.805773301226456,0.805773301226456,-1.3739967350214057
692,0.8176184408323036,0.8116682527349945,0.8116682527349945,-1.3749392767443132
693,0.8129024262956381,0.8179489297928243,0.8179489297928243,-1.3744423997020008
694,0.8348516334419365,0.8162973380474947,0.8162973380474947,-1.3903821337038553
695,0.8255297168531289,0.8302795959996444,0.8302795959996444,-1.3742971074199704
696,0.828365145718867,0.8283305341485151,0.8283305341485151,-1.3731690997226853
697,0.8214447036048496,0.8283942424594554,0.8283942424594554,-1.375583844339229
698,0.8370074329137017,0.8242554275950712,0.8242554275950712,-1.3812997218069643
699,0.8239020963095706,0.8334539951022871,0.8334539951022871,-1.3777309783519602
700,0.813345732297332,0.8276549120732484,0.8276549120732484,-1.38340667111762
701,0.8147333014666257,0.8178555172240999,0.8178555172240999,-1.3736564513864562
702,0.8372600015708535,0.816687791456772,0.816687791456772,-1.394329831273541
703,0.8296131553276113,0.8322834613615055,0.8322834613615055,-1.3735255665403778
704,0.8240722084741882,0.8315889459369464,0.8315889459369464,-1.3759941069288468
705,0.8263990199884788,0.8262917328279702,0.8262917328279702,-1.3731696153513857
706,0.8290214622263278,0.8267657752870032,0.8267657752870032,-1.3734234460030572
707,0.8260783412381943,0.8290143983115987,0.8290143983115987,-1.3736000613815595
708,0.8323634591104598,0.8275375644872378,0.8275375644872378,-1.3743335027703674
709,0.8158070597286592,0.8312228204427516,0.8312228204427516,-1.3850513237443531
710,0.8068946920983847,0.8212214924375802,0.8212214924375802,-1.3834319002226039
711,0.7762919133292654,0.8118498025726335,0.8118498025726335,-1.4363872141968268
712,0.7900653414561722,0.7892574394835774,0.7892574394835774,-1.3732016751045113
713,0.8069322006663912,0.7925028148560502,0.7925028148560502,-1.3835793985678286
714,0.8091081250689517,0.8067269647443805,0.8067269647443805,-1.373452536049211
715,0.8128071758441582,0.8115799651801654,0.8115799651801654,-1.3732443421253362
716,0.8229838391356031,0.814530504587818,0.814530504587818,-1.3767419830734842
717,0.8187754851612238,0.8221904457810418,0.8221904457810418,-1.3737521376263906
718,0.815287813514163,0.8213640977367529,0.8213640977367529,-1.37501510132233
719,0.8208568178654871,0.8181508102218756,0.8181508102218756,-1.3735351636930093
720,0.8284974625712855,0.8212401988513639,0.8212401988513639,-1.3758024336596697
721,0.8381515451540927,0.8275496381215717,0.8275496381215717,-1.3787890614609561
722,0.8245013289137417,0.8356425432190402,0.8356425432190402,-1.3793753726344746
723,0.8258939287581163,0.828291212692163,0.828291212692163,-1.3734563883376671
724,0.8076901299523419,0.8265081373382674,0.8265081373382674,-1.3908749099234827
725,0.812474136230686,0.8144080741192159,0.8144080741192159,-1.3733560456124798
726,0.8064008937363951,0.8140204386273349,0.8140204386273349,-1.3760719130418975
727,0.815120362604361,0.8108474349868859,0.8108474349868859,-1.3740819353458542
728,0.820088772887743,0.8155620253182446,0.8155620253182446,-1.374193612002543
729,0.8304333295495536,0.8206844380845375,0.8206844380845375,-1.3779210840644784
730,0.8420817688203645,0.8287124186712451,0.8287124186712451,-1.382106015995133
731,0.8534946459960568,0.8387022687077585,0.8387022687077585,-1.3841097611166133
732,0.8288252736775684,0.8487927130413916,0.8487927130413916,-1.393103971562043
733,0.8346626537321216,0.834300115299958,0.834300115299958,-1.373175611530385
734,0.8205289716054752,0.8333356592733564,0.8333356592733564,-1.3813696022757782
735,0.8322416860961032,0.8248922314381475,0.8248922314381475,-1.3758697640131126
736,0.8239617630019686,0.8300301408664453,0.8300301408664453,-1.3750103003199488
737,0.8203355107813487,0.8267423360605592,0.8267423360605592,-1.3752214103325617
738,0.8168902054953052,0.8226204999317109,0.8226204999317109,-1.3748108535410404
739,0.8103974791351031,0.8195524418930773,0.8195524418930773,-1.37735970697964
740,0.8107677883834569,0.8144483269109312,0.8144483269109312,-1.3738463580172564
741,0.8242806524972888,0.8134015919277714,0.8134015919277714,-1.3790867377684066
742,0.8302573642888966,0.8226644013748478,0.8226644013748478,-1.3760516941153513
743,0.8304808924783657,0.8294311382159075,0.8294311382159075,-1.3732241390252227
744,0.8281826803155532,0.8307784797430681,0.8307784797430681,-1.3735059485580396
745,0.7981465798195668,0.8292604011102493,0.8292604011102493,-1.4215725335900717
746,0.8021026567214975,0.8083762103404162,0.8083762103404162,-1.3751369135751177
747,0.808578619839885,0.8050591225345317,0.8050591225345317,-1.3737883828887647
748,0.8143708133636918,0.8102539928354213,0.8102539928354213,-1.3740164503877446
749,0.8185041984176249,0.8154878770552875,0.8154878770552875,-1.3736239495526898
750,0.8087656014087576,0.8194570175967233,0.8194570175967233,-1.3788843588298598
751,0.8127009771604977,0.8136614486414803,0.8136614486414803,-1.3732151650979343
752,0.8071380638006722,0.8143897847508901,0.8143897847508901,-1.3757984126616367
753,0.8234162961625859,0.8113940788165567,0.8113940788165567,-1.3803957253204036
754,0.8352782254238562,0.821350694150693,0.821350694150693,-1.3828678461928923
755,0.8415358665108742,0.8326724525207394,0.8326724525207394,-1.3770970452026712
756,0.83794722132957,0.8393000343121658,0.8393000343121658,-1.3732605449729391
757,0.8445167010898561,0.8381112838062825,0.8381112838062825,-1.3752205083534803
758,0.8330257108443158,0.8418608010070162,0.8418608010070162,-1.3770719807337974
759,0.8493763816426155,0.835360823592106,0.835360823592106,-1.3829908331980054
760,0.851907445402145,0.8441810816858417,0.8441810816858417,-1.3761538746384756
761,0.8453139693604463,0.8491723392019818,0.8491723392019818,-1.3739133907163488
762,0.8515136249794687,0.8451949882455326,0.8451949882455326,-1.3751652983334175
763,0.8473823004059869,0.848092058858128,0.848092058858128,-1.3731942276776645
764,0.8525709509019975,0.846522689271965,0.846522689271965,-1.3749981132619113
765,0.8422599232212963,0.8492247066945557,0.8492247066945557,-1.3755944502661146
766,0.8457007065888236,0.843250937970881,0.843250937970881,-1.373469108138718
767,0.8367130761827359,0.8435284651246594,0.8435284651246594,-1.3754915161461299
768,0.8247251895093154,0.8381050331220252,0.8381050331220252,-1.3821200505796738
769,0.8212962322321731,0.8281557441028817,0.8281557441028817,-1.3755216849798648
770,0.8185622341620293,0.8234264758197408,0.8234264758197408,-1.374352082169876
771,0.8284669261524724,0.8208815656766146,0.8208815656766146,-1.3760459245020804
772,0.8163591224158122,0.8270699566160872,0.8270699566160872,-1.3789051382879343
773,0.8270825784313499,0.8208175884732468,0.8208175884732468,-1.3751315447834018
774,0.8165054943466601,0.8256879778164804,0.8256879778164804,-1.3773849399583213
775,0.8312052380091596,0.820640251841999,0.820640251841999,-1.37874998646026
776,0.829384315881328,0.8285206607155605,0.8285206607155605,-1.373206334836913
777,0.8287764060748725,0.830222382401135,0.830222382401135,-1.3732735822014508
778,0.8174146101836883,0.829444819307179,0.829444819307179,-1.3804053364023912
779,0.8101779071974077,0.8215972161398827,0.8215972161398827,-1.3796890706608298
780,0.8121950625326915,0.8144038989309749,0.8144038989309749,-1.3734129877363643
781,0.8270365928003205,0.8143282239617118,0.8143282239617118,-1.3812441717515513
782,0.8254072195539263,0.8248238956107563,0.8248238956107563,-1.373186053165779
783,0.8165686648303963,0.826684227856734,0.826684227856734,-1.3782852705916357
784,0.8292563735384556,0.8203481359954548,0.8203481359954548,-1.3771368746307717
785,0.8261630266178844,0.8272080669722292,0.8272080669722292,-1.3732236452917557
786,0.8363311094344805,0.8276421328078526,0.8276421328078526,-1.3769439555655496
787,0.8283852500789093,0.8339377597390237,0.8339377597390237,-1.3747105580009285
788,0.8324630195214129,0.8305681919405544,0.8305681919405544,-1.3733485584027043
789,0.8176910129605647,0.8317519032903427,0.8317519032903427,-1.3830544716679474
790,0.8142512657958981,0.8225224927174667,0.8225224927174667,-1.3765896995640492
791,0.8241953012073542,0.8172290633333237,0.8172290633333237,-1.375595463330524
792,0.8286336426165538,0.8233030579801806,0.8233030579801806,-1.3745897964529221
793,0.8402851980862004,0.8283099372207274,0.8283099372207274,-1.3803393834644517
794,0.8421822033478975,0.8371206632219271,0.8371206632219271,-1.3744499992469856
795,0.8425378540405325,0.8407409378938104,0.8407409378938104,-1.3733304852065626
796,0.8486580483974537,0.8413621814171417,0.8413621814171417,-1.3758305235743655
797,0.8535800834745864,0.845595043718375,0.845595043718375,-1.376357082820059
798,0.8614635358613077,0.8501660664422096,0.8501660664422096,-1.3795506805884181
799,0.8723346421970829,0.8565112210806066,0.8565112210806066,-1.3856880726161125
800,0.8730437357429005,0.865480263866278,0.865480263866278,-1.3760293451660681
801,0.8665946518278245,0.868136668744589,0.868136668744589,-1.3732879306332246
802,0.8506183365423496,0.8638931103915009,0.8638931103915009,-1.3819800208619506
803,0.8451145152679959,0.8517393992143627,0.8517393992143627,-1.3753634941897868
804,0.8365928433996204,0.8448015376907071,0.8448015376907071,-1.3765381729228712
805,0.8322730064154114,0.8379060365653411,0.8379060365653411,-1.3747555912581462
806,0.8479148388749219,0.8332642130424038,0.8332642130424038,-1.3839010816888675
807,0.8338528384246401,0.8430366917180292,0.8430366917180292,-1.3773861978903699
808,0.8432882137229591,0.8366028979037398,0.8366028979037398,-1.3754037122047804
809,0.8253632905324169,0.8402065530165402,0.8402065530165402,-1.3841851618832743
810,0.826888491106981,0.8299046803066353,0.8299046803066353,-1.3736239096890508
811,0.8265238640708904,0.8273568320592306,0.8273568320592306,-1.3732037316081251
812,0.8217887416497632,0.8274139257896017,0.8274139257896017,-1.3747511746549996
813,0.8342552951304528,0.8241211171360171,0.8241211171360171,-1.3783041180057904
814,0.8283214575361157,0.8316513490186607,0.8316513490186607,-1.3737234486889214
815,0.8424953949294364,0.8301096501506493,0.8301096501506493,-1.3808393735109077
816,0.8318977803631731,0.83856116005924,0.83856116005924,-1.375389071273343
817,0.8223143415559266,0.834189569632845,0.834189569632845,-1.3802200919185867
818,0.8316235636533919,0.8255533083306649,0.8255533083306649,-1.3750114398088
819,0.8489110938889645,0.8299668915954919,0.8299668915954919,-1.3911131798514458
820,0.8569678045920737,0.8435842565751742,0.8435842565751742,-1.382125007700678
821,0.8632737166693408,0.852520325900403,0.852520325900403,-1.378950810476119
822,0.8649088133340728,0.8584196882535665,0.8584196882535665,-1.375274477040168
823,0.8776315878461194,0.8607927364010377,0.8607927364010377,-1.3873463857241217
824,0.8835056991502812,0.8697712424021758,0.8697712424021758,-1.3826008049329241
825,0.8731585392937761,0.8763101929914151,0.8763101929914151,-1.3736656858761374
826,0.8718840347905217,0.8704489465498241,0.8704489465498241,-1.3732720137375747
827,0.8586816170262832,0.86751285151631,0.86751285151631,-1.3770685749555371
828,0.8567508998151111,0.858280306535977,0.858280306535977,-1.3732859940705366
829,0.8622511232058399,0.8543269352795323,0.8543269352795323,-1.376308677539217
830,0.8617603716308835,0.8576809437429933,0.8576809437429933,-1.37400112641927
831,0.8482882526458976,0.8584472773501688,0.8584472773501688,-1.3783293289717449
832,0.8617128882625813,0.8491880861253871,0.8491880861253871,-1.3810125732534384
833,0.8656708221158292,0.8556224145477349,0.8556224145477349,-1.378217564557372
834,0.8727521013623627,0.8609987366912802,0.8609987366912802,-1.3800761188792177
835,0.8697713713565666,0.8666055933495725,0.8666055933495725,-1.3736701473441235
836,0.8757097357402092,0.8659949527949379,0.8659949527949379,-1.3778878902083318
837,0.8745665853859335,0.8694368945746556,0.8694368945746556,-1.3744847262156106
838,0.8753559029327184,0.8698472252104766,0.8698472252104766,-1.3746863163370213
839,0.8695290273720556,0.8701553310714353,0.8701553310714353,-1.3731886526408381
840,0.8626648376936645,0.8663509191995415,0.8663509191995415,-1.3738483996680437
841,0.8468630533622717,0.860517895106103,0.860517895106103,-1.382491774977099
842,0.8471759030911792,0.8483998438250778,0.8483998438250778,-1.37324394137065
843,0.8389693341515357,0.8454522247744563,0.8454522247744563,-1.3752704333660828
844,0.8326318756983125,0.8399343278412802,0.8399343278412802,-1.3758353301896618
845,0.8303923272221655,0.8339835423051597,0.8339835423051597,-1.3738138811132614
846,0.8353320100851545,0.8311931576507351,0.8311931576507351,-1.3740255447983403
847,0.8204003252349478,0.8341042323023382,0.8341042323023382,-1.3825588932702289
848,0.8267515261283663,0.8249386231767954,0.8249386231767954,-1.373333370680236
849,0.8230661309955373,0.8262711028142787,0.8262711028142787,-1.3736826320425917
850,0.8077302471086453,0.8250352743026387,0.8250352743026387,-1.3881422381338877
851,0.7894178521322767,0.8138697942329862,0.8138697942329862,-1.4030639134494678
852,0.8072925434608896,0.7983501888716773,0.7983501888716773,-1.3771673251046055
853,0.8024519578347872,0.8068424999798604,0.8068424999798604,-1.3741328828410284
854,0.8137479470249647,0.8071258400198332,0.8071258400198332,-1.3753616548840157
855,0.8165975457707685,0.8138389955439335,0.8138389955439335,-1.3735495197923437
856,0.8125222098542466,0.8180359205291156,0.8180359205291156,-1.3746890900949533
857,0.8240399881991901,0.8158346118550415,0.8158346118550415,-1.376535449872101
858,0.8310382227644901,0.8228516339462987,0.8228516339462987,-1.376520051648552
859,0.8315118861807962,0.8299139891196914,0.8299139891196914,-1.3732967035755397
860,0.8415719729395355,0.8316357271558394,0.8316357271558394,-1.3781054888383462
861,0.8423743389669247,0.8385713188350434,0.8385713188350434,-1.37389218793082
862,0.8485276477202024,0.8411289450854159,0.8411289450854159,-1.375906079858545
863,0.8339079544821257,0.8454736682431226,0.8454736682431226,-1.379857326564711
864,0.8475111224991462,0.836762938591886,0.836762938591886,-1.3789452126898596
865,0.8256667131159497,0.8430891541958446,0.8430891541958446,-1.3883461124837657
866,0.8260674117689436,0.8309555894186751,0.8309555894186751,-1.374363753861412
867,0.8329742485199472,0.8268591826260717,0.8268591826260717,-1.375038741368967
868,0.8270365101715408,0.8316359713473528,0.8316359713473528,-1.3742267919800353
869,0.8336387167750294,0.8289796766206372,0.8289796766206372,-1.3742543725826573
870,0.8379482154581405,0.8322816294413282,0.8322816294413282,-1.3747745496789419
871,0.8301975438278097,0.8365325298665415,0.8365325298665415,-1.3751756422301915
872,0.8399470524284705,0.8321239728945388,0.8321239728945388,-1.3762290684943563
873,0.8398682918809891,0.8372035044169219,0.8372035044169219,-1.3735240944360776
874,0.8395322973248758,0.8390998489647667,0.8390998489647667,-1.3731783904038533
875,0.8481460661170744,0.8388556205571134,0.8388556205571134,-1.3774846587597753
876,0.8428396996857004,0.8446457844245858,0.8446457844245858,-1.373332136928847
877,0.8326126336300665,0.8427602090096913,0.8427602090096913,-1.3783177041289034
878,0.8408266472888822,0.8347445308055854,0.8347445308055854,-1.3750186468704648
879,0.8456592612418699,0.8382846468824532,0.8382846468824532,-1.375888286672151
880,0.8353041049336875,0.843213627102248,0.843213627102248,-1.3762970668713927
881,0.8516930448871084,0.8371386436032815,0.8371386436032815,-1.3837605696611783
882,0.8350184278270855,0.8462120915099712,0.8462120915099712,-1.379433945156923
883,0.829523808219939,0.8381511398998399,0.8381511398998399,-1.3768905824203963
884,0.8364433533091292,0.8310798751549756,0.8310798751549756,-1.3746073847201494
885,0.813017583841362,0.8346862418941957,0.8346862418941957,-1.3966455769151769
886,0.8068592354879629,0.8201406276739521,0.8201406276739521,-1.381988808744548
887,0.8074147918831103,0.8112677969000872,0.8112677969000872,-1.3739113222076877
888,0.8221908783543042,0.8104139055781077,0.8104139055781077,-1.380103894213209
889,0.8344490184941559,0.820572755657549,0.820572755657549,-1.3827965733401753
890,0.8235475429011786,0.8318635082468868,0.8318635082468868,-1.3766268038061962
891,0.8201639203352242,0.8269021328716327,0.8269021328716327,-1.3754392152339359
892,0.8262215553746215,0.8224209744081883,0.8224209744081883,-1.3738912606087659
893,0.8355067834228956,0.8258634417217875,0.8258634417217875,-1.3778187417828618
894,0.8590849370798715,0.8333889238024934,0.8333889238024934,-1.4061832947422048
895,0.8546510378502697,0.8512791138988918,0.8512791138988918,-1.373737533381339
896,0.861058160848121,0.8529796931541578,0.8529796931541578,-1.3764321218387656
897,0.8521873059375568,0.8564497569467764,0.8564497569467764,-1.3740774642549451
898,0.8418112405613271,0.8516990002071628,0.8516990002071628,-1.378057429365336
899,0.8441924706423993,0.8428691047692138,0.8428691047692138,-1.3732566046863608
900,0.8450569991487293,0.842413128149097,0.842413128149097,-1.37351854251778
901,0.8354299229568973,0.8434772535496159,0.8434772535496159,-1.3764070163080704
902,0.8488372404357389,0.8371037474404361,0.8371037474404361,-1.3800527827181863
903,0.8584948059596228,0.8442953080876819,0.8442953080876819,-1.383250326815408
904,0.8575717466641858,0.8535439161396914,0.8535439161396914,-1.3739802107613477
905,0.8686415037318962,0.854847748923571,0.854847748923571,-1.382682423410255
906,0.8568714806233811,0.8621905718705266,0.8621905718705266,-1.3745836764094181
907,0.8429705172053338,0.8564009075702785,0.8564009075702785,-1.3821878090923854
908,0.8317033270650999,0.8445942478243033,0.8445942478243033,-1.3814778317256482
909,0.8382195637175228,0.8341523658453347,0.8341523658453347,-1.373996144751222
910,0.832870410047446,0.8363299687409356,0.8363299687409356,-1.3737674671423301
911,0.8384550233557493,0.8339957915757679,0.8339957915757679,-1.374163277228025
912,0.8475299900991135,0.8367234978913988,0.8367234978913988,-1.379008053516415
913,0.849423648442371,0.8440113979385471,0.8440113979385471,-1.3746336626004523
914,0.8531629306860361,0.847114078960635,0.847114078960635,-1.3749984701844395
915,0.833065182750908,0.8500355225549788,0.8500355225549788,-1.3875686614779268
916,0.8318650141282786,0.8371169104078248,0.8371169104078248,-1.3745481605512007
917,0.8300420374858806,0.8322812461574111,0.8322812461574111,-1.373419742598378
918,0.8462534792805634,0.8308015883160546,0.8308015883160546,-1.3851070865435986
919,0.8433493949140798,0.8414607734079593,0.8414607734079593,-1.3733473843843143
920,0.8269936752558701,0.842728284397687,0.842728284397687,-1.3855479360669327
921,0.8474636940078878,0.8310255781568077,0.8310255781568077,-1.3866796224613218
922,0.8466266918263866,0.8416740469765378,0.8416740469765378,-1.374395474375082
923,0.8453564484403248,0.8451988892435205,0.8451988892435205,-1.3731702810696702
924,0.8393358614159624,0.8441677233046982,0.8441677233046982,-1.374336384290236
925,0.8519283678184547,0.8398196754509194,0.8398196754509194,-1.3805000613672256
926,0.838735328276554,0.8471784623997417,0.8471784623997417,-1.376733365515752
927,0.8626424767694126,0.8407256967917477,0.8407256967917477,-1.397186302054114
928,0.8525255762880213,0.8543439498585115,0.8543439498585115,-1.3733343639467381
929,0.8425317101132019,0.852245887229737,0.852245887229737,-1.377887301677216
930,0.8298957170651238,0.8434266781345816,0.8434266781345816,-1.3823233851978043
931,0.8297053556588067,0.8328354296269246,0.8328354296269246,-1.3736589079769397
932,0.8306636255271284,0.8301787852610134,0.8301787852610134,-1.3731807933288276
933,0.8269786542319623,0.8307923364902087,0.8307923364902087,-1.3738962484429884
934,0.821358758338787,0.82847820998316,0.82847820998316,-1.3757033694104734
935,0.8295955995260579,0.8239196865167677,0.8239196865167677,-1.3747798392490966
936,0.8206666059506821,0.8283967593454769,0.8283967593454769,-1.376156803399998
937,0.8267350505891079,0.8239724119516754,0.8239724119516754,-1.373550648436697
938,0.8236573066011668,0.8263131555907298,0.8263131555907298,-1.3735217165174134
939,0.8317793786394638,0.825433978606615,0.825433978606615,-1.3751822449034892
940,0.8147529986468672,0.8303414387950688,0.8303414387950688,-1.3853190131373483
941,0.8299882742223003,0.8203879148077625,0.8203879148077625,-1.3777773848690604
942,0.8170383186260648,0.8273426262005377,0.8273426262005377,-1.3784779775541123
943,0.8130717387599741,0.8215837115101842,0.8215837115101842,-1.3767917238296612
944,0.826422139756364,0.8162964460819955,0.8162964460819955,-1.3782955234440026
945,0.8418332903606187,0.8245814027863224,0.8245814027863224,-1.3880504210684532
946,0.8335203540446476,0.8377310653964936,0.8377310653964936,-1.3740555443290734
947,0.8372775224435324,0.8351604988224842,0.8351604988224842,-1.373393129275249
948,0.8240756172052478,0.8360527860705316,0.8360527860705316,-1.3803416685260215
949,0.811722073575694,0.8278269241882751,0.8278269241882751,-1.386137350487323
950,0.8285296451999445,0.8167861334725215,0.8167861334725215,-1.3800645432092513
951,0.8332359797717532,0.8257445734511012,0.8257445734511012,-1.3759750982577006
952,0.8319605937687684,0.8323063952847811,0.8323063952847811,-1.373175018759069
953,0.8272046259167143,0.8323803997171132,0.8323803997171132,-1.37450847154629
954,0.8164689308938399,0.8288912643771195,0.8288912643771195,-1.3808847582831356
955,0.8150691508487592,0.8206397981911541,0.8206397981911541,-1.3747206454153118
956,0.8324897539031028,0.8175408087559243,0.8175408087559243,-1.3843425878753128
957,0.8267086483209076,0.8291068628238618,0.8291068628238618,-1.3734566114647542
958,0.8343555562252041,0.8286598316388377,0.8286598316388377,-1.3747911037528322
959,0.8336477319317954,0.8327035078973204,0.8327035078973204,-1.3732136177760093
960,0.820395011121331,0.8337515689586618,0.8337515689586618,-1.3820889216877434
961,0.8074858398159056,0.8245981539488642,0.8245981539488642,-1.3878106045738978
962,0.8236775597451839,0.8131693732990821,0.8131693732990821,-1.378690138943947
963,0.8238248014463925,0.8215979085899062,0.8215979085899062,-1.3734169924143587
964,0.8534085868493085,0.8249363769325837,0.8249363769325837,-1.4137023767017474
965,0.8435851686731842,0.8450827993468083,0.8450827993468083,-1.3732811847063742
966,0.8508306809658813,0.8443196320676271,0.8443196320676271,-1.3752887277124182
967,0.8487509996293653,0.8472818967914362,0.8472818967914362,-1.3732769529820659
968,0.8408370704179782,0.8473168159411447,0.8473168159411447,-1.3752683949268951
969,0.8333546095447979,0.8415194078100983,0.8415194078100983,-1.376502236360298
970,0.8247877687641715,0.8348485485740583,0.8348485485740583,-1.3782300043437965
971,0.8376511975307998,0.8275266046685962,0.8275266046685962,-1.3782944088559144
972,0.8289784247735995,0.8345603680737782,0.8345603680737782,-1.3747269443749657
973,0.8215440089469005,0.8312355683522077,0.8312355683522077,-1.3778653560099752
974,0.8226972000690468,0.8244456110386122,0.8244456110386122,-1.37332188687057
975,0.8169735544962026,0.823742897836332,0.823742897836332,-1.375460240287473
976,0.8189467447240057,0.8200814570712271,0.8200814570712271,-1.373233418430192
977,0.801599899515521,0.8202784973115644,0.8202784973115644,-1.3906135406059632
978,0.7969172117553815,0.8088772806153556,0.8088772806153556,-1.3803212021814113
979,0.8028323821482536,0.8022236838967637,0.8022236838967637,-1.3731875655027135
980,0.7975799786187274,0.8053094622118888,0.8053094622118888,-1.3761562856554928
981,0.7964734624509251,0.8029208618903854,0.8029208618903854,-1.3752474878012428
982,0.8196026086225747,0.8011179501903747,0.8011179501903747,-1.3902531696924005
983,0.8294469307239755,0.8166244663535359,0.8166244663535359,-1.3813898194512049
984,0.825710620057348,0.8279444346168183,0.8279444346168183,-1.3734185361989504
985,0.815331724396505,0.8273726077837917,0.8273726077837917,-1.380418183461957
986,0.8101456234830744,0.8195676966010931,0.8195676966010931,-1.3776078129167098
987,0.8361065908276151,0.8139653688477916,0.8139653688477916,-1.3976807253626362
988,0.8292726116206536,0.8305816064593932,0.8305816064593932,-1.3732547131990376
989,0.8338079837724277,0.8311266940675676,0.8311266940675676,-1.3735285055487148
990,0.8331347596703101,0.8328439512893816,0.8328439512893816,-1.3731732683003661
991,0.8445967065565224,0.8332932333302965,0.8332932333302965,-1.3795574651734455
992,0.8332552060836708,0.8409527123924974,0.8409527123924974,-1.3761316199933664
993,0.8281347105839975,0.8355328814482007,0.8355328814482007,-1.3759056864314425
994,0.8118991300780969,0.8297826444138524,0.8297826444138524,-1.389160044074504
995,0.8024443670845972,0.8177183505699055,0.8177183505699055,-1.3848337684001186
996,0.8107366973734246,0.8080419956331455,0.8080419956331455,-1.3735321106980984
997,0.8109121080150924,0.8117898276308482,0.8117898276308482,-1.3732075594108393
998,0.8212621557348015,0.8135675729249479,0.8135675729249479,-1.37612937005553
999,0.8155101630435817,0.8206406875026836,0.8206406875026836,-1.3744851538859173
